videoid,beeid,colony,sched,caff,flowerid,timin,timeout,totaltime,totaltimeint,notes
B8_B3_52623_1259_FR30_1,B8,B3,FR30,No,B2,7:25,7:31,0:06:00,6,B8_FR30_1259 no caffeine
B8_B3_52623_1259_FR30_1,B8,B3,FR30,No,B2,10:20,10:31,0:11:00,11,B8_FR30_1259
B8_B3_52623_1259_FR30_1,B8,B3,FR30,No,A2,10:55,10:57,0:02:00,2,B8_FR30_1259
B8_B3_52623_1259_FR30_1,B8,B3,FR30,No,C2,1:36,1:59,0:23:00,23,B8_FR30_1259
B8_B3_52623_1259_FR30_1,B8,B3,FR30,No,C2,2:04,2:21,0:17:00,17,B8_FR30_1259
B8_B3_52623_1259_FR30_1,B8,B3,FR30,No,C2,2:28,2:47,0:19:00,19,B8_FR30_1259
B8_B3_52623_1259_FR30_1,B8,B3,FR30,No,C2,2:51,3:13,0:22:00,22,B8_FR30_1259
B8_B3_52623_1259_FR30_1,B8,B3,FR30,No,C2,3:21,3:47,0:26:00,26,B8_FR30_1259
B8_B3_52623_1259_FR30_1,B8,B3,FR30,No,C2,4:31,4:46,0:15:00,15,B8_FR30_1259
B8_B3_52623_1259_FR30_1,B8,B3,FR30,No,C2,4:52,5:11,0:19:00,19,B8_FR30_1259
B8_B3_52623_1259_FR30_1,B8,B3,FR30,No,C2,5:19,5:39,0:20:00,20,B8_FR30_1259
B8_B3_52623_1259_FR30_1,B8,B3,FR30,No,C2,5:46,5:53,0:07:00,7,B8_FR30_1259
B8_B3_52623_1259_FR30_1,B8,B3,FR30,No,C2,6:01,6:04,0:03:00,3,B8_FR30_1259
B8_B3_52623_1259_FR30_1,B8,B3,FR30,No,C2,6:24,6:25,0:01:00,1,B8_FR30_1259
B8_B3_52623_1259_FR30_1,B8,B3,FR30,No,C2,7:06,7:07,0:01:00,1,B8_FR30_1259
B8_B3_52623_1259_FR30_1,B8,B3,FR30,No,C2,7:14,7:15,0:01:00,1,B8_FR30_1259
B8_B3_52623_1259_FR30_1,B8,B3,FR30,No,C2,9:11,9:40,0:29:00,29,B8_FR30_1259
B8_B3_52623_1259_FR30_1,B8,B3,FR30,No,C2,9:43,9:51,0:08:00,8,B8_FR30_1259
B8_B3_52623_1259_FR30_1,B8,B3,FR30,No,C2,9:57,10:00,0:03:00,3,B8_FR30_1259
B50_B3_60223_1031_FR30_1,B50,B3,FR30,No,B1,6:48,6:53,0:05:00,5,B50_FR30_1031
B50_B3_60223_1031_FR30_1,B50,B3,FR30,No,A1,7:01,7:08,0:07:00,7,B50_FR30_1031
B50_B3_60223_1031_FR30_1,B50,B3,FR30,No,A2,7:43,7:50,0:07:00,7,B50_FR30_1031
B50_B3_60223_1031_FR30_1,B50,B3,FR30,No,B1,8:27,8:31,0:04:00,4,B50_FR30_1031
B50_B3_60223_1031_FR30_1,B50,B3,FR30,No,C1,8:49,8:50,0:01:00,1,B50_FR30_1031
B21_B3_60223_1052_FR30_1,B21,B3,FR30,No,C1,1:35,2:22,0:47:00,47,B21_FR30_1052*
B21_B3_60223_1052_FR30_1,B21,B3,FR30,No,C1,2:55,3:22,0:27:00,27,B21_FR30_1052
B21_B3_60223_1052_FR30_1,B21,B3,FR30,No,C1,3:27,3:35,0:08:00,8,B21_FR30_1052
B21_B3_60223_1052_FR30_1,B21,B3,FR30,No,C1,3:52,4:29,0:37:00,37,B21_FR30_1052
B21_B3_60223_1052_FR30_1,B21,B3,FR30,No,C1,5:11,5:30,0:19:00,19,B21_FR30_1052
B21_B3_60223_1052_FR30_1,B21,B3,FR30,No,C1,5:45,5:57,0:12:00,12,B21_FR30_1052
B21_B3_60223_1052_FR30_1,B21,B3,FR30,No,C1,6:18,6:24,0:06:00,6,B21_FR30_1052
B21_B3_60223_1052_FR30_1,B21,B3,FR30,No,C1,6:34,6:58,0:24:00,24,B21_FR30_1052
B21_B3_60223_1052_FR30_1,B21,B3,FR30,No,C1,7:16,7:32,0:16:00,16,B21_FR30_1052
B21_B3_60223_1052_FR30_1,B21,B3,FR30,No,C1,8:19,8:30,0:11:00,11,B21_FR30_1052
B21_B3_60223_1052_FR30_1,B21,B3,FR30,No,C1,8:49,9:04,0:15:00,15,B21_FR30_1052
B21_B3_60223_1052_FR30_1,B21,B3,FR30,No,C1,9:22,9:23,0:01:00,1,B21_FR30_1052
B21_B3_60223_1052_FR30_1,B21,B3,FR30,No,C1,10:09,,,0,B21_FR30_1052 video cut off
B21_B3_60223_1052_FR30_1,B21,B3,FR30,No,A1,11:03,11:05,0:02:00,2,B21_FR30_1052
B58_B3_60523_1159_FR30_1,B58,B3,FR30,No,C1,1:31,2:06,,0,B58_FR30_1159*
B58_B3_60523_1159_FR30_1,B58,B3,FR30,No,A4,4:23,4:40,0:17:00,17,B58_FR30_1159
B58_B3_60523_1159_FR30_1,B58,B3,FR30,No,A4,8:25,8:36,0:11:00,11,B58_FR30_1159
B58_B3_60523_1159_FR30_1,B58,B3,FR30,No,A4,9:05,9:18,0:13:00,13,B58_FR30_1159
B58_B3_60523_1159_FR30_1,B58,B3,FR30,No,A4,9:24,9:36,0:12:00,12,B58_FR30_1159
B58_B3_60523_1159_FR30_1,B58,B3,FR30,No,A4,9:41,9:49,0:08:00,8,B58_FR30_1159
B58_B3_60523_1159_FR30_1,B58,B3,FR30,No,A4,9:57,10:12,0:15:00,15,B58_FR30_1159
B58_B3_60523_1159_FR30_1,B58,B3,FR30,No,A4,10:51,11:01,0:10:00,10,B58_FR30_1159
B58_B3_60523_1159_FR30_1,B58,B3,FR30,No,C4,5:26,5:36,0:10:00,10,B58_FR30_1159
B58_B3_60523_1159_FR30_1,B58,B3,FR30,No,B1,2:26,2:50,0:24:00,24,B58_FR30_1159
B58_B3_60523_1159_FR30_1,B58,B3,FR30,No,A2,3:28,3:43,0:15:00,15,B58_FR30_1159
B58_B3_60523_1159_FR30_1,B58,B3,FR30,No,A2,11:21,11:30,0:09:00,9,B58_FR30_1159
B58_B3_60523_1159_FR30_1,B58,B3,FR30,No,A2,11:39,,,0,B58_FR30_1159 video cut off
B58_B3_60523_1159_FR30_1,B58,B3,FR30,No,B4,6:04,7:24,0:20:00,20,B58_FR30_1159
B58_B3_60523_1159_FR30_1,B58,B3,FR30,No,B4,7:41,8:06,0:25:00,25,B58_FR30_1159
B58_B3_60523_1159_FR30_1,B58,B3,FR30,No,B4,10:25,10:39,0:14:00,14,B58_FR30_1159
B28_B3_60623_142_FR30_1,B28,B3,FR30,No,C2,3:01,4:29,1:28:00,88,B28_FR30_142*
B28_B3_60623_142_FR30_1,B28,B3,FR30,No,C2,4:36,5:02,0:26:00,26,B28_FR30_142
B28_B3_60623_142_FR30_1,B28,B3,FR30,No,C2,5:14,5:34,0:20:00,20,B28_FR30_142
B28_B3_60623_142_FR30_1,B28,B3,FR30,No,A4,7:20,,,0,B28_FR30_142 lightbar blocking view
B28_B3_60623_142_FR30_1,B28,B3,FR30,No,A4,9:29,9:58,0:29:00,29,B28_FR30_142
B28_B3_60623_142_FR30_1,B28,B3,FR30,No,A3,10:39,10:49,0:10:00,10,B28_FR30_142
B28_B3_60623_142_FR30_1,B28,B3,FR30,No,A3,10:56,11:04,0:08:00,8,B28_FR30_142
B28_B3_60623_142_FR30_1,B28,B3,FR30,No,B2,5:49,6:06,0:17:00,17,B28_FR30_142
B28_B3_60623_142_FR30_1,B28,B3,FR30,No,C3,8:07,8:20,0:13:00,13,B28_FR30_142
B28_B3_60623_142_FR30_1,B28,B3,FR30,No,C3,8:24,8:35,0:11:00,11,B28_FR30_142
B28_B3_60623_142_FR30_1,B28,B3,FR30,No,C3,8:39,8:51,0:12:00,12,B28_FR30_142
B28_B3_60623_142_FR30_1,B28,B3,FR30,No,A1,11:31,11:35,0:04:00,4,B28_FR30_142
B28_B3_60623_142_FR30_1,B28,B3,FR30,No,A2,6:44,6:56,0:12:00,12,B28_FR30_142
B28_B3_60623_142_FR30_1,B28,B3,FR30,No,A2,11:20,11:23,0:03:00,3,B28_FR30_142
B28_B3_60623_142_FR30_1,B28,B3,FR30,No,B4,9:05,9:10,0:05:00,5,B28_FR30_142
B68_B3_60623_340_FR30_1,B68,B3,FR30,No,B2,9:20,9:24,0:20:00,20,B68_FR30_340*
B68_B3_60623_340_FR30_1,B68,B3,FR30,No,C2,2:27,4:05,1:38:00,98,B68_FR30_340
B68_B3_60623_340_FR30_1,B68,B3,FR30,No,C2,4:10,4:29,0:19:00,19,B68_FR30_340
B68_B3_60623_340_FR30_1,B68,B3,FR30,No,C2,4:34,4:55,0:21:00,21,B68_FR30_340
B68_B3_60623_340_FR30_1,B68,B3,FR30,No,C2,5:01,5:19,0:18:00,18,B68_FR30_340
B68_B3_60623_340_FR30_1,B68,B3,FR30,No,C2,5:24,5:44,0:20:00,20,B68_FR30_340
B68_B3_60623_340_FR30_1,B68,B3,FR30,No,C2,5:47,6:05,0:18:00,18,B68_FR30_340
B68_B3_60623_340_FR30_1,B68,B3,FR30,No,C2,6:11,6:37,0:26:00,26,B68_FR30_340
B68_B3_60623_340_FR30_1,B68,B3,FR30,No,C2,6:43,6:58,0:15:00,15,B68_FR30_340
B68_B3_60623_340_FR30_1,B68,B3,FR30,No,C2,7:04,7:18,0:14:00,14,B68_FR30_340
B68_B3_60623_340_FR30_1,B68,B3,FR30,No,C2,7:29,7:33,0:04:00,4,B68_FR30_340
B68_B3_60623_340_FR30_1,B68,B3,FR30,No,C2,7:38,7:44,0:06:00,6,B68_FR30_340
B68_B3_60623_340_FR30_1,B68,B3,FR30,No,C2,8:31,8:37,0:06:00,6,B68_FR30_340
B19_B3_60723_208_FR30_1,B19,B3,FR30,No,C1,4:06,4:44,0:38:00,38,B19_FR30_208*
B19_B3_60723_208_FR30_1,B19,B3,FR30,No,B1,8:03,,,0,B19_FR30_208 lightbar blocking view
B19_B3_60723_208_FR30_1,B19,B3,FR30,No,B1,8:37,,,0,B19_FR30_208
B19_B3_60723_208_FR30_1,B19,B3,FR30,No,B1,9:13,,,0,B19_FR30_208
B19_B3_60723_208_FR30_1,B19,B3,FR30,No,B1,9:42,,,0,B19_FR30_208
B19_B3_60723_208_FR30_1,B19,B3,FR30,No,B1,10:05,,,0,B19_FR30_208
B19_B3_60723_208_FR30_1,B19,B3,FR30,No,B1,10:32,,,0,B19_FR30_208
B19_B3_60723_208_FR30_1,B19,B3,FR30,No,B1,10:52,,,0,B19_FR30_208
B19_B3_60723_208_FR30_1,B19,B3,FR30,No,B1,11:14,,,0,B19_FR30_208
B19_B3_60723_208_FR30_1,B19,B3,FR30,No,B1,11:37,,,0,B19_FR30_208
B72_B3_60823_945_FR30_1,B72,B3,FR30,No,C4,1:06,1:24,0:18:00,18,B72_FR30_945*
B72_B3_60823_945_FR30_1,B72,B3,FR30,No,C4,1:30,1:51,0:21:00,21,B72_FR30_945
B72_B3_60823_945_FR30_1,B72,B3,FR30,No,C4,2:19,2:39,0:20:00,20,B72_FR30_945
B72_B3_60823_945_FR30_1,B72,B3,FR30,No,A3,5:30,5:43,0:13:00,13,B72_FR30_945
B72_B3_60823_945_FR30_1,B72,B3,FR30,No,A3,5:49,5:57,0:08:00,8,B72_FR30_945
B72_B3_60823_945_FR30_1,B72,B3,FR30,No,A3,6:03,6:18,0:15:00,15,B72_FR30_945
B72_B3_60823_945_FR30_1,B72,B3,FR30,No,B3,8:52,8:54,0:02:00,2,B72_FR30_945
B72_B3_60823_945_FR30_1,B72,B3,FR30,No,B4,2:56,3:03,0:07:00,7,B72_FR30_945
B72_B3_60823_945_FR30_1,B72,B3,FR30,No,B4,3:10,3:38,0:28:00,28,B72_FR30_945
B72_B3_60823_945_FR30_1,B72,B3,FR30,No,B4,3:44,3:55,0:11:00,11,B72_FR30_945
B72_B3_60823_945_FR30_1,B72,B3,FR30,No,A2,6:39,6:49,0:10:00,10,B72_FR30_945
B72_B3_60823_945_FR30_1,B72,B3,FR30,No,A2,6:53,7:08,0:15:00,15,B72_FR30_945
B72_B3_60823_945_FR30_1,B72,B3,FR30,No,A2,9:20,9:22,0:02:00,2,B72_FR30_945
B72_B3_60823_945_FR30_1,B72,B3,FR30,No,A4,4:09,4:27,0:18:00,18,B72_FR30_945
B72_B3_60823_945_FR30_1,B72,B3,FR30,No,A4,4:35,4:55,0:20:00,20,B72_FR30_945
B72_B3_60823_945_FR30_1,B72,B3,FR30,No,C2,7:53,8:03,0:10:00,10,B72_FR30_945
B72_B3_60823_945_FR30_1,B72,B3,FR30,No,C2,8:16,8:28,0:12:00,12,B72_FR30_945
B71_B3_61323_201_FR30_1,B71,B3,FR30,No,B3,2:32,2:46,0:14:00,14,B71_FR30_201*
B71_B3_61323_201_FR30_1,B71,B3,FR30,No,A3,3:06,3:23,0:17:00,17,B71_FR30_201
B71_B3_61323_201_FR30_1,B71,B3,FR30,No,C1,7:14,7:16,0:02:00,2,B71_FR30_201
B70_B3_61323_409_FR30_1,B70,B3,FR30,No,B2,0:53,1:49,0:56:00,56,B70_FR30_409*
B70_B3_61323_409_FR30_1,B70,B3,FR30,No,B2,1:51,2:17,0:26:00,26,B70_FR30_409
B70_B3_61323_409_FR30_1,B70,B3,FR30,No,B2,2:19,2:37,0:18:00,18,B70_FR30_409
B70_B3_61323_409_FR30_1,B70,B3,FR30,No,B2,2:41,3:22,0:41:00,41,B70_FR30_409
B70_B3_61323_409_FR30_1,B70,B3,FR30,No,B2,3:25,3:45,0:20:00,20,B70_FR30_409
B70_B3_61323_409_FR30_1,B70,B3,FR30,No,B2,3:49,4:18,0:29:00,29,B70_FR30_409
B70_B3_61323_409_FR30_1,B70,B3,FR30,No,B2,4:22,4:42,0:20:00,20,B70_FR30_409
B70_B3_61323_409_FR30_1,B70,B3,FR30,No,B2,4:46,5:01,0:15:00,15,B70_FR30_409
B70_B3_61323_409_FR30_1,B70,B3,FR30,No,B2,5:04,5:21,0:17:00,17,B70_FR30_409
B70_B3_61323_409_FR30_1,B70,B3,FR30,No,B2,5:26,5:47,0:21:00,21,B70_FR30_409
B70_B3_61323_409_FR30_1,B70,B3,FR30,No,B2,5:50,6:20,0:30:00,30,B70_FR30_409
B70_B3_61323_409_FR30_1,B70,B3,FR30,No,B2,6:23,6:45,0:22:00,22,B70_FR30_409
B70_B3_61323_409_FR30_1,B70,B3,FR30,No,B2,6:48,7:02,0:14:00,14,B70_FR30_409
B70_B3_61323_409_FR30_1,B70,B3,FR30,No,B2,7:04,7:19,0:15:00,15,B70_FR30_409
B70_B3_61323_409_FR30_1,B70,B3,FR30,No,B2,7:22,7:40,0:18:00,18,B70_FR30_409
B70_B3_61323_409_FR30_1,B70,B3,FR30,No,B2,7:43,8:02,0:19:00,19,B70_FR30_409
B70_B3_61323_409_FR30_1,B70,B3,FR30,No,B2,8:07,8:10,0:03:00,3,B70_FR30_409
G14_B3_62723_1124_FR30_1,G14,B3,FR30,No,B3,2:28,2:48,0:20:00,20,G14_FR30_1124*
G14_B3_62723_1124_FR30_1,G14,B3,FR30,No,B3,3:16,3:35,0:19:00,19,G14_FR30_1124
G14_B3_62723_1124_FR30_1,G14,B3,FR30,No,C4,4:11,4:21,0:10:00,10,G14_FR30_1124
G12_B3_62823_145_FR30_1,G12,B3,FR30,No,C4,1:38,3:24,1:46:00,106,G12_FR30_145*
G12_B3_62823_145_FR30_1,G12,B3,FR30,No,C4,3:29,4:14,0:45:00,45,G12_FR30_145*
G12_B3_62823_145_FR30_1,G12,B3,FR30,No,C4,4:20,4:48,0:28:00,28,G12_FR30_145*
G12_B3_62823_145_FR30_1,G12,B3,FR30,No,C4,5:02,5:32,0:30:00,30,G12_FR30_145*
G12_B3_62823_145_FR30_1,G12,B3,FR30,No,C4,5:40,5:57,0:17:00,17,G12_FR30_145*
G12_B3_62823_145_FR30_1,G12,B3,FR30,No,C4,6:00,6:12,0:12:00,12,G12_FR30_145*
G12_B3_62823_145_FR30_1,G12,B3,FR30,No,C4,6:21,6:42,0:21:00,21,G12_FR30_145*
G12_B3_62823_145_FR30_1,G12,B3,FR30,No,C4,6:45,7:03,0:18:00,18,G12_FR30_145*
G12_B3_62823_145_FR30_1,G12,B3,FR30,No,C4,7:05,7:21,0:16:00,16,G12_FR30_145*
G12_B3_62823_145_FR30_1,G12,B3,FR30,No,C4,7:24,7:50,0:26:00,26,G12_FR30_145*
G12_B3_62823_145_FR30_1,G12,B3,FR30,No,C4,7:53,8:13,0:20:00,20,G12_FR30_145*
G12_B3_62823_145_FR30_1,G12,B3,FR30,No,C4,8:15,8:33,0:18:00,18,G12_FR30_145*
G12_B3_62823_145_FR30_1,G12,B3,FR30,No,C4,8:40,8:58,0:18:00,18,G12_FR30_145*
G12_B3_62823_145_FR30_1,G12,B3,FR30,No,C4,9:00,9:18,0:18:00,18,G12_FR30_145*
G12_B3_62823_145_FR30_1,G12,B3,FR30,No,C4,9:27,9:38,0:11:00,11,G12_FR30_145*
G12_B3_62823_145_FR30_1,G12,B3,FR30,No,C4,9:40,9:42,0:02:00,2,G12_FR30_145*
G12_B3_62823_145_FR30_1,G12,B3,FR30,No,C4,10:13,10:14,0:01:00,1,G12_FR30_145*
B8_B3_52423_1138_FR45_1,B8,B3,FR45,No,A1,8:12,8:13,0:01:00,1,B8_FR45_1138       (bee name/mixture/time video taken) no caffeine
B8_B3_52423_1138_FR45_1,B8,B3,FR45,No,B3,7:12,7:13,0:01:00,1,B8_FR45_1138
B8_B3_52423_1138_FR45_1,B8,B3,FR45,No,C2,7:36,7:38,0:02:00,2,B8_FR45_1138
B8_B3_52423_1138_FR45_1,B8,B3,FR45,No,B3,2:18,2:30,0:12:00,12,B8_FR45_1138
B8_B3_52423_1138_FR45_1,B8,B3,FR45,No,B3,2:34,2:47,0:13:00,13,B8_FR45_1138
B8_B3_52423_1138_FR45_1,B8,B3,FR45,No,C3,0:33,0:56,0:23:00,23,B8_FR45_1138
B8_B3_52423_1138_FR45_1,B8,B3,FR45,No,C3,1:04,1:17,0:13:00,13,B8_FR45_1138
B8_B3_52423_1138_FR45_1,B8,B3,FR45,No,C3,1:23,1:36,0:13:00,13,B8_FR45_1138
B8_B3_52423_1138_FR45_1,B8,B3,FR45,No,C3,1:41,1:59,0:18:00,18,B8_FR45_1138
B8_B3_52423_1138_FR45_1,B8,B3,FR45,No,C3,3:06,3:21,0:15:00,15,B8_FR45_1138
B8_B3_52423_1138_FR45_1,B8,B3,FR45,No,C3,3:55,4:10,0:15:00,15,B8_FR45_1138
B8_B3_52423_1138_FR45_1,B8,B3,FR45,No,C3,4:15,4:35,0:20:00,20,B8_FR45_1138
B8_B3_52423_1138_FR45_1,B8,B3,FR45,No,C3,4:39,5:03,0:24:00,24,B8_FR45_1138
B8_B3_52423_1138_FR45_1,B8,B3,FR45,No,C3,5:08,5:29,0:21:00,21,B8_FR45_1138
B8_B3_52423_1138_FR45_1,B8,B3,FR45,No,C3,5:34,6:00,0:26:00,26,B8_FR45_1138
B8_B3_52423_1138_FR45_1,B8,B3,FR45,No,C3,6:06,6:28,0:22:00,22,B8_FR45_1138
B8_B3_52423_1138_FR45_1,B8,B3,FR45,No,C3,6:33,6:47,0:14:00,14,B8_FR45_1138
B8_B3_52423_1138_FR45_1,B8,B3,FR45,No,C3,6:55,6:57,0:02:00,2,B8_FR45_1138
B56_B3_52523_157_FR45_1,B56,B3,FR45,No,B1,1:40,2:00,0:20:00,20,B56_FR45_157 no caffeine
B56_B3_52523_157_FR45_1,B56,B3,FR45,No,B1,2:15,2:27,0:12:00,12,B56_FR45_157
B56_B3_52523_157_FR45_1,B56,B3,FR45,No,A2,2:59,3:15,0:16:00,16,B56_FR45_157
B56_B3_52523_157_FR45_1,B56,B3,FR45,No,A2,11:19,11:22,0:03:00,3,B56_FR45_157
B56_B3_52523_157_FR45_1,B56,B3,FR45,No,A3,3:28,3:39,0:11:00,11,B56_FR45_157
B56_B3_52523_157_FR45_1,B56,B3,FR45,No,A4,3:58,4:22,0:24:00,24,B56_FR45_157
B56_B3_52523_157_FR45_1,B56,B3,FR45,No,B4,6:12,6:28,0:16:00,16,B56_FR45_157
B56_B3_52523_157_FR45_1,B56,B3,FR45,No,B4,6:42,6:45,0:03:00,3,B56_FR45_157
B56_B3_52523_157_FR45_1,B56,B3,FR45,No,C4,6:58,7:08,0:10:00,10,B56_FR45_157
B56_B3_52523_157_FR45_1,B56,B3,FR45,No,C4,7:38,7:52,0:14:00,14,B56_FR45_157
B56_B3_52523_157_FR45_1,B56,B3,FR45,No,C4,7:57,8:07,0:10:00,10,B56_FR45_157
B56_B3_52523_157_FR45_1,B56,B3,FR45,No,C4,8:32,8:34,0:02:00,2,B56_FR45_157
B56_B3_52523_157_FR45_1,B56,B3,FR45,No,C1,10:24,10:28,0:04:00,4,B56_FR45_157
B56_B3_52523_157_FR45_1,B56,B3,FR45,No,C1,10:46,10:48,0:02:00,2,B56_FR45_157
B56_B3_52523_157_FR45_1,B56,B3,FR45,No,B2,10:58,11:03,0:05:00,5,B56_FR45_157
B21_B3_53023_200_FR45_1,B21,B3,FR45,No,A3,1:11,1:33,0:22:00,22,B21_FR45_200 no caffeine
B21_B3_53023_200_FR45_1,B21,B3,FR45,No,A3,1:39,1:55,0:16:00,16,B21_FR45_200
B21_B3_53023_200_FR45_1,B21,B3,FR45,No,A3,2:01,2:12,0:11:00,11,B21_FR45_200
B21_B3_53023_200_FR45_1,B21,B3,FR45,No,A3,2:18,2:31,0:13:00,13,B21_FR45_200
B21_B3_53023_200_FR45_1,B21,B3,FR45,No,A3,2:37,2:50,0:13:00,13,B21_FR45_200
B21_B3_53023_200_FR45_1,B21,B3,FR45,No,A3,2:54,3:08,0:14:00,14,B21_FR45_200
B21_B3_53023_200_FR45_1,B21,B3,FR45,No,A3,3:16,3:27,0:11:00,11,B21_FR45_200
B21_B3_53023_200_FR45_1,B21,B3,FR45,No,C4,3:45,3:56,0:11:00,11,B21_FR45_200
B21_B3_53023_200_FR45_1,B21,B3,FR45,No,C4,4:02,4:13,0:11:00,11,B21_FR45_200
B21_B3_53023_200_FR45_1,B21,B3,FR45,No,C4,4:18,4:28,0:10:00,10,B21_FR45_200
B21_B3_53023_200_FR45_1,B21,B3,FR45,No,C4,4:35,4:37,0:02:00,2,B21_FR45_200
B57_B3_53123_140_FR45_1,B57,B3,FR45,No,C3,1:27,1:42,0:00:00,0,B57_FR45_140 *
B57_B3_53123_140_FR45_1,B57,B3,FR45,No,B2,3:06,3:23,0:17:00,17,B57_FR45_140
B57_B3_53123_140_FR45_1,B57,B3,FR45,No,B2,6:07,6:19,0:12:00,12,B57_FR45_140
B57_B3_53123_140_FR45_1,B57,B3,FR45,No,B2,8:45,8:57,0:12:00,12,B57_FR45_140
B57_B3_53123_140_FR45_1,B57,B3,FR45,No,C2,8:24,8:39,0:15:00,15,B57_FR45_140
B57_B3_53123_140_FR45_1,B57,B3,FR45,No,C2,9:43,9:46,0:03:00,3,B57_FR45_140
B57_B3_53123_140_FR45_1,B57,B3,FR45,No,C2,9:52,10:00,0:08:00,8,B57_FR45_140
B57_B3_53123_140_FR45_1,B57,B3,FR45,No,C1,2:16,2:31,0:15:00,15,B57_FR45_140
B57_B3_53123_140_FR45_1,B57,B3,FR45,No,A2,5:22,5:38,0:16:00,16,B57_FR45_140
B57_B3_53123_140_FR45_1,B57,B3,FR45,No,B4,11:09,11:18,0:09:00,9,B57_FR45_140
B57_B3_53123_140_FR45_1,B57,B3,FR45,No,B1,2:44,2:54,0:10:00,10,B57_FR45_140
B57_B3_53123_140_FR45_1,B57,B3,FR45,No,B1,4:44,4:59,0:15:00,15,B57_FR45_140
B57_B3_53123_140_FR45_1,B57,B3,FR45,No,C4,6:54,7:06,0:12:00,12,B57_FR45_140
B57_B3_53123_140_FR45_1,B57,B3,FR45,No,C4,10:50,11:00,0:10:00,10,B57_FR45_140
B19_B3_60523_1137_FR45_1,B19,B3,FR45,No,C1,3:34,3:59,,0,B19_FR45_1137*
B19_B3_60523_1137_FR45_1,B19,B3,FR45,No,C1,4:26,4:30,0:04:00,4,B19_FR45_1137
B19_B3_60523_1137_FR45_1,B19,B3,FR45,No,C3,6:14,6:40,0:26:00,26,B19_FR45_1137
B19_B3_60523_1137_FR45_1,B19,B3,FR45,No,C3,6:46,6:50,0:04:00,4,B19_FR45_1137
B19_B3_60523_1137_FR45_1,B19,B3,FR45,No,C2,7:14,7:20,0:06:00,6,B19_FR45_1137
B19_B3_60523_1137_FR45_1,B19,B3,FR45,No,B1,7:51,7:53,0:02:00,2,B19_FR45_1137
B19_B3_60523_1137_FR45_1,B19,B3,FR45,No,B1,7:58,8:14,0:16:00,16,B19_FR45_1137
B19_B3_60523_1137_FR45_1,B19,B3,FR45,No,A1,8:49,,,0,B19_FR45_1137 equipment blocking flower exit 
B19_B3_60523_1137_FR45_1,B19,B3,FR45,No,A1,9:02,,,0,B19_FR45_1137
B19_B3_60523_1137_FR45_1,B19,B3,FR45,No,A1,9:57,,,0,B19_FR45_1137
B19_B3_60523_1137_FR45_1,B19,B3,FR45,No,A1,10:20,,,0,B19_FR45_1137
B19_B3_60523_1137_FR45_1,B19,B3,FR45,No,A1,10:46,,,0,B19_FR45_1137
B19_B3_60523_1137_FR45_1,B19,B3,FR45,No,A1,11:19,,,0,B19_FR45_1137
B72_B3_60623_406_FR45_1,B72,B3,FR45,No,C2,2:30,3:49,0:19:00,19,B72_FR45_406*
B72_B3_60623_406_FR45_1,B72,B3,FR45,No,C2,9:49,9:59,0:10:00,10,B72_FR45_406
B72_B3_60623_406_FR45_1,B72,B3,FR45,No,C2,10:06,10:19,0:13:00,13,B72_FR45_406
B72_B3_60623_406_FR45_1,B72,B3,FR45,No,A1,7:02,7:22,0:20:00,20,B72_FR45_406
B72_B3_60623_406_FR45_1,B72,B3,FR45,No,A1,11:14,11:23,0:09:00,9,B72_FR45_406
B72_B3_60623_406_FR45_1,B72,B3,FR45,No,B2,4:03,5:22,1:19:00,79,B72_FR45_406
B72_B3_60623_406_FR45_1,B72,B3,FR45,No,B2,5:29,5:34,0:05:00,5,B72_FR45_406
B72_B3_60623_406_FR45_1,B72,B3,FR45,No,B2,8:09,8:41,0:32:00,32,B72_FR45_406
B72_B3_60623_406_FR45_1,B72,B3,FR45,No,A3,10:36,10:47,0:11:00,11,B72_FR45_406
B72_B3_60623_406_FR45_1,B72,B3,FR45,No,A2,5:45,6:12,0:27:00,27,B72_FR45_406
B72_B3_60623_406_FR45_1,B72,B3,FR45,No,A2,6:23,6:39,0:16:00,16,B72_FR45_406
B72_B3_60623_406_FR45_1,B72,B3,FR45,No,A2,8:49,9:07,0:18:00,18,B72_FR45_406
B72_B3_60623_406_FR45_1,B72,B3,FR45,No,A2,9:12,9:26,0:14:00,14,B72_FR45_406
B58_B3_61223_1128_FR45_1,B58,B3,FR45,No,C3,1:09,1:26,0:17:00,17,B58_FR45_1128*
B58_B3_61223_1128_FR45_1,B58,B3,FR45,No,C3,1:31,1:42,0:11:00,11,B58_FR45_1128
B58_B3_61223_1128_FR45_1,B58,B3,FR45,No,C3,1:51,2:14,0:23:00,23,B58_FR45_1128
B58_B3_61223_1128_FR45_1,B58,B3,FR45,No,C3,2:18,2:37,0:19:00,19,B58_FR45_1128
B58_B3_61223_1128_FR45_1,B58,B3,FR45,No,C3,2:41,3:04,0:23:00,23,B58_FR45_1128
B58_B3_61223_1128_FR45_1,B58,B3,FR45,No,C3,3:09,3:35,0:26:00,26,B58_FR45_1128
B58_B3_61223_1128_FR45_1,B58,B3,FR45,No,C3,3:41,3:57,0:16:00,16,B58_FR45_1128
B58_B3_61223_1128_FR45_1,B58,B3,FR45,No,C3,4:00,4:23,0:23:00,23,B58_FR45_1128
B58_B3_61223_1128_FR45_1,B58,B3,FR45,No,C3,4:45,5:04,0:19:00,19,B58_FR45_1128
B58_B3_61223_1128_FR45_1,B58,B3,FR45,No,C3,5:07,5:17,0:10:00,10,B58_FR45_1128
B58_B3_61223_1128_FR45_1,B58,B3,FR45,No,C3,5:27,5:46,0:19:00,19,B58_FR45_1128
B58_B3_61223_1128_FR45_1,B58,B3,FR45,No,C3,5:49,5:54,0:05:00,5,B58_FR45_1128
B58_B3_61223_1128_FR45_1,B58,B3,FR45,No,C3,6:00,6:17,0:17:00,17,B58_FR45_1128
B58_B3_61223_1128_FR45_1,B58,B3,FR45,No,C2,7:32,7:44,0:12:00,12,B58_FR45_1128
B70_B3_61323_119_FR45_1,B70,B3,FR45,No,B2,1:15,1:47,0:32:00,32,B70_FR45_119*
B70_B3_61323_119_FR45_1,B70,B3,FR45,No,B2,1:56,2:27,0:31:00,31,B70_FR45_119
B70_B3_61323_119_FR45_1,B70,B3,FR45,No,B2,2:36,2:57,0:21:00,21,B70_FR45_119
B70_B3_61323_119_FR45_1,B70,B3,FR45,No,B2,3:00,3:24,0:24:00,24,B70_FR45_119
B70_B3_61323_119_FR45_1,B70,B3,FR45,No,B2,3:26,3:49,0:23:00,23,B70_FR45_119
B70_B3_61323_119_FR45_1,B70,B3,FR45,No,B2,3:53,4:14,0:21:00,21,B70_FR45_119
B70_B3_61323_119_FR45_1,B70,B3,FR45,No,B2,4:20,4:31,0:11:00,11,B70_FR45_119
B70_B3_61323_119_FR45_1,B70,B3,FR45,No,B2,4:33,4:58,0:25:00,25,B70_FR45_119
B70_B3_61323_119_FR45_1,B70,B3,FR45,No,B2,5:01,5:15,0:14:00,14,B70_FR45_119
B70_B3_61323_119_FR45_1,B70,B3,FR45,No,B2,5:19,5:38,0:19:00,19,B70_FR45_119
B70_B3_61323_119_FR45_1,B70,B3,FR45,No,B2,5:42,5:59,0:17:00,17,B70_FR45_119
B70_B3_61323_119_FR45_1,B70,B3,FR45,No,B2,6:02,616,0:14:00,14,B70_FR45_119
B70_B3_61323_119_FR45_1,B70,B3,FR45,No,B2,6:19,6:37,0:19:00,19,B70_FR45_119
B70_B3_61323_119_FR45_1,B70,B3,FR45,No,B2,6:41,6:56,0:15:00,15,B70_FR45_119
B70_B3_61323_119_FR45_1,B70,B3,FR45,No,B2,7:00,7:15,0:15:00,15,B70_FR45_119
B70_B3_61323_119_FR45_1,B70,B3,FR45,No,B2,7:19,7:35,0:16:00,16,B70_FR45_119
B70_B3_61323_119_FR45_1,B70,B3,FR45,No,B2,7:40,7:42,0:02:00,2,B70_FR45_119
G31_B3_62823_202_FR45_1,G31,B3,FR45,No,C1,0:30,1:34,1:04:00,64,G31_FR45_202*
G31_B3_62823_202_FR45_1,G31,B3,FR45,No,C1,1:43,1:54,0:11:00,11,G31_FR45_202
G31_B3_62823_202_FR45_1,G31,B3,FR45,No,C1,1:57,2:08,0:11:00,11,G31_FR45_202
G31_B3_62823_202_FR45_1,G31,B3,FR45,No,C1,2:10,2:26,0:16:00,16,G31_FR45_202
G31_B3_62823_202_FR45_1,G31,B3,FR45,No,C1,2:30,2:40,0:10:00,10,G31_FR45_202
G31_B3_62823_202_FR45_1,G31,B3,FR45,No,C1,2:46,2:58,0:12:00,12,G31_FR45_202
G31_B3_62823_202_FR45_1,G31,B3,FR45,No,C1,3:03,3:12,0:09:00,9,G31_FR45_202
G31_B3_62823_202_FR45_1,G31,B3,FR45,No,C1,3:19,3:31,0:12:00,12,G31_FR45_202
G31_B3_62823_202_FR45_1,G31,B3,FR45,No,C1,3:34,3:43,0:09:00,9,G31_FR45_202
G31_B3_62823_202_FR45_1,G31,B3,FR45,No,B1,3:51,3:57,0:06:00,6,G31_FR45_202
G27_B3_62823_227_FR45_1,G27,B3,FR45,No,C3,1:25,3:59,2:34:00,154,G27_FR45_227
G27_B3_62823_227_FR45_1,G27,B3,FR45,No,C3,4:07,4:36,0:29:00,29,G27_FR45_227
G27_B3_62823_227_FR45_1,G27,B3,FR45,No,C3,4:46,5:10,0:24:00,24,G27_FR45_227
G27_B3_62823_227_FR45_1,G27,B3,FR45,No,C3,5:16,5:45,0:29:00,29,G27_FR45_227
G27_B3_62823_227_FR45_1,G27,B3,FR45,No,C3,5:52,6:08,0:16:00,16,G27_FR45_227
G27_B3_62823_227_FR45_1,G27,B3,FR45,No,C3,6:14,6:45,0:30:00,30,G27_FR45_227
G27_B3_62823_227_FR45_1,G27,B3,FR45,No,C3,7:02,7:30,0:28:00,28,G27_FR45_227
G27_B3_62823_227_FR45_1,G27,B3,FR45,No,C3,7:38,7:58,0:20:00,20,G27_FR45_227
G27_B3_62823_227_FR45_1,G27,B3,FR45,No,C3,8:01,8:25,0:24:00,24,G27_FR45_227
G27_B3_62823_227_FR45_1,G27,B3,FR45,No,C3,8:37,8:43,0:06:00,6,G27_FR45_227
G27_B3_62823_227_FR45_1,G27,B3,FR45,No,C3,8:50,8:54,0:04:00,4,G27_FR45_227
G27_B3_62823_227_FR45_1,G27,B3,FR45,No,C3,9:01,9:04,0:03:00,3,G27_FR45_227
G27_B3_62823_227_FR45_1,G27,B3,FR45,No,C3,9:15,9:16,0:01:00,1,G27_FR45_227
G27_B3_62823_227_FR45_1,G27,B3,FR45,No,C3,9:24,9:30,0:06:00,6,G27_FR45_227
G27_B3_62823_227_FR45_1,G27,B3,FR45,No,C3,9:39,9:40,0:01:00,1,G27_FR45_227
G27_B3_62823_227_FR45_1,G27,B3,FR45,No,C3,9:51,9:54,0:03:00,3,G27_FR45_227
B8_B3_52523_215_FR60_1,B8,B3,FR60,No,C2,1:01,1:14,0:13:00,13,B8_FR60_215 no caffeine
B8_B3_52523_215_FR60_1,B8,B3,FR60,No,B2,1:23,1:39,0:16:00,16,B8_FR60_215
B8_B3_52523_215_FR60_1,B8,B3,FR60,No,B3,2:00,2:14,0:14:00,14,B8_FR60_215
B8_B3_52523_215_FR60_1,B8,B3,FR60,No,B3,2:18,2:21,0:03:00,3,B8_FR60_215
B8_B3_52523_215_FR60_1,B8,B3,FR60,No,B3,4:22,4:40,0:18:00,18,B8_FR60_215
B8_B3_52523_215_FR60_1,B8,B3,FR60,No,B3,4:47,5:15,0:28:00,28,B8_FR60_215
B8_B3_52523_215_FR60_1,B8,B3,FR60,No,B3,5:21,5:45,0:24:00,24,B8_FR60_215
B8_B3_52523_215_FR60_1,B8,B3,FR60,No,B3,5:54,6:11,0:17:00,17,B8_FR60_215
B8_B3_52523_215_FR60_1,B8,B3,FR60,No,B3,6:16,6:26,0:10:00,10,B8_FR60_215
B8_B3_52523_215_FR60_1,B8,B3,FR60,No,B3,7:21,7:32,0:11:00,11,B8_FR60_215
B8_B3_52523_215_FR60_1,B8,B3,FR60,No,B3,10:28,10:30,0:02:00,2,B8_FR60_215
B8_B3_52523_215_FR60_1,B8,B3,FR60,No,A3,2:34,2:47,0:13:00,13,B8_FR60_215
B8_B3_52523_215_FR60_1,B8,B3,FR60,No,A3,10:37,10:38,0:01:00,1,B8_FR60_215
B8_B3_52523_215_FR60_1,B8,B3,FR60,No,C3,3:08,3:26,0:18:00,18,B8_FR60_215
B8_B3_52523_215_FR60_1,B8,B3,FR60,No,C3,3:34,3:59,0:25:00,25,B8_FR60_215
B8_B3_52523_215_FR60_1,B8,B3,FR60,No,C3,6:50,7:04,0:14:00,14,B8_FR60_215
B8_B3_52523_215_FR60_1,B8,B3,FR60,No,C3,8:30,8:44,0:14:00,14,B8_FR60_215
B8_B3_52523_215_FR60_1,B8,B3,FR60,No,C3,8:48,9:06,0:18:00,18,B8_FR60_215
B8_B3_52523_215_FR60_1,B8,B3,FR60,No,C3,9:18,9:30,0:12:00,12,B8_FR60_215
B8_B3_52523_215_FR60_1,B8,B3,FR60,No,C3,9:38,9:53,0:15:00,15,B8_FR60_215
B8_B3_52523_215_FR60_1,B8,B3,FR60,No,C3,9:57,10:09,0:12:00,12,B8_FR60_215
B8_B3_52523_215_FR60_1,B8,B3,FR60,No,C3,10:15,10:17,0:02:00,2,B8_FR60_215
Y33_B2_52423_223_FR60_1,Y33,B2,FR60,No,C2,6:47,7:08,0:21:00,21,Y33_FR60_223 no caffeine
Y33_B2_52423_223_FR60_1,Y33,B2,FR60,No,B1,1:50,2:09,0:19:00,19,Y33_FR60_223
Y33_B2_52423_223_FR60_1,Y33,B2,FR60,No,B1,2:11,2:28,0:17:00,17,Y33_FR60_223
Y33_B2_52423_223_FR60_1,Y33,B2,FR60,No,B1,2:33,2:56,0:23:00,23,Y33_FR60_223
Y33_B2_52423_223_FR60_1,Y33,B2,FR60,No,B1,2:59,3:24,0:25:00,25,Y33_FR60_223
Y33_B2_52423_223_FR60_1,Y33,B2,FR60,No,B1,3:28,3:55,0:27:00,27,Y33_FR60_223
Y33_B2_52423_223_FR60_1,Y33,B2,FR60,No,B1,4:54,5:08,0:14:00,14,Y33_FR60_223
Y33_B2_52423_223_FR60_1,Y33,B2,FR60,No,B1,5:14,5:29,0:15:00,15,Y33_FR60_223
Y43_B2_52423_309_FR60_1,Y43,B2,FR60,No,A1,5:37,5:42,0:05:00,5,Y43_FR60_309 no caffeine
Y43_B2_52423_309_FR60_1,Y43,B2,FR60,No,B4,3:51,4:08,0:17:00,17,Y43_FR60_309
Y43_B2_52423_309_FR60_1,Y43,B2,FR60,No,B4,4:18,4:37,0:19:00,19,Y43_FR60_309
Y43_B2_52423_309_FR60_1,Y43,B2,FR60,No,C4,0:48,1:02,0:14:00,14,Y43_FR60_309
Y43_B2_52423_309_FR60_1,Y43,B2,FR60,No,C4,1:09,1:38,0:29:00,29,Y43_FR60_309
Y43_B2_52423_309_FR60_1,Y43,B2,FR60,No,C4,1:47,2:07,0:20:00,20,Y43_FR60_309
Y43_B2_52423_309_FR60_1,Y43,B2,FR60,No,C4,2:15,2:43,0:28:00,28,Y43_FR60_309
Y43_B2_52423_309_FR60_1,Y43,B2,FR60,No,C4,2:51,3:12,0:21:00,21,Y43_FR60_309
Y43_B2_52423_309_FR60_1,Y43,B2,FR60,No,C4,3:18,3:36,0:18:00,18,Y43_FR60_309
Y49_B2_60123_939_FR60_1,Y49,B2,FR60,Yes,C2,8:14,8:19,0:05:00,5,Y49_FR6O_939 CAFFEINE
Y49_B2_60123_939_FR60_1,Y49,B2,FR60,Yes,C3,1:30,1:57,0:27:00,27,Y49_FR60_939
Y49_B2_60123_939_FR60_1,Y49,B2,FR60,Yes,C3,2:02,2:37,0:35:00,35,Y49_FR60_939
Y49_B2_60123_939_FR60_1,Y49,B2,FR60,Yes,C3,2:40,3:21,0:41:00,41,Y49_FR60_939
Y49_B2_60123_939_FR60_1,Y49,B2,FR60,Yes,C3,3:23,3:53,0:30:00,30,Y49_FR60_939
Y49_B2_60123_939_FR60_1,Y49,B2,FR60,Yes,C3,3:56,4:21,0:25:00,25,Y49_FR60_939
Y49_B2_60123_939_FR60_1,Y49,B2,FR60,Yes,C3,4:25,4:55,0:30:00,30,Y49_FR60_939
Y49_B2_60123_939_FR60_1,Y49,B2,FR60,Yes,C3,5:02,5:24,0:22:00,22,Y49_FR60_939
Y49_B2_60123_939_FR60_1,Y49,B2,FR60,Yes,C3,5:34,5:59,0:25:00,25,Y49_FR60_939
Y49_B2_60123_939_FR60_1,Y49,B2,FR60,Yes,C3,6:02,6:23,0:21:00,21,Y49_FR60_939
Y49_B2_60123_939_FR60_1,Y49,BB,FR60,Yes,C3,6:27,6:45,0:18:00,18,Y49_FR60_939
Y49_B2_60123_939_FR60_1,Y49,B2,FR60,Yes,C3,6:48,7:01,0:13:00,13,Y49_FR60_939
Y49_B2_60123_939_FR60_1,Y49,B2,FR60,Yes,C3,7:05,7:07,0:02:00,2,Y49_FR60_939
Y49_B2_60123_939_FR60_1,Y49,B2,FR60,Yes,C3,7:10,7:11,0:01:00,1,Y49_FR60_939
Y49_B3_53123_417_FR60_1,Y49,B3,FR60,No,B4,3:27,4:31,1:04:00,64,Y49_FR60_417 no caffeine
Y49_B3_53123_417_FR60_1,Y49,B3,FR60,No,B3,8:55,9:13,0:18:00,18,Y49_FR60_417
Y49_B3_53123_417_FR60_1,Y49,B3,FR60,No,B3,9:18,9:44,0:26:00,26,Y49_FR60_417
Y49_B3_53123_417_FR60_1,Y49,B3,FR60,No,B3,9:48,10:10,0:22:00,22,Y49_FR60_417
Y49_B3_53123_417_FR60_1,Y49,B3,FR60,No,B3,10:13,10:23,0:10:00,10,Y49_FR60_417
Y49_B3_53123_417_FR60_1,Y49,B3,FR60,No,A2,6:34,6:59,0:25:00,25,Y49_FR60_417
Y49_B3_53123_417_FR60_1,Y49,B3,FR60,No,A2,7:04,7:20,0:16:00,16,Y49_FR60_417
Y49_B3_53123_417_FR60_1,Y49,B3,FR60,No,A4,4:57,5:28,0:31:00,31,Y49_FR60_417
Y49_B3_53123_417_FR60_1,Y49,B3,FR60,No,A4,5:29,5:33,0:04:00,4,Y49_FR60_417
Y49_B3_53123_417_FR60_1,Y49,B3,FR60,No,C2,7:59,8:12,0:13:00,13,Y49_FR60_417
Y49_B3_53123_417_FR60_1,Y49,B3,FR60,No,A3,5:57,6:12,0:15:00,15,Y49_FR60_417
Y49_B3_53123_417_FR60_1,Y49,B3,FR60,No,C3,8:26,8:46,0:20:00,20,Y49_FR60_417
Y49_B3_53123_417_FR60_1,Y49,B3,FR60,No,C3,10:36,10:38,0:02:00,2,Y49_FR60_417
Y49_B2_53123_1145_FR60_1,Y49,B2,FR60,No,C3,4:36,5:29,0:53:00,53,Y49_FR60_1145 no caffeine
Y49_B2_53123_1145_FR60_1,Y49,B2,FR60,No,C3,5:37,5:38,0:01:00,1,Y49_FR60_1145
Y49_B2_53123_1145_FR60_1,Y49,B2,FR60,No,C3,5:55,6:19,0:24:00,24,Y49_FR60_1145
Y49_B2_53123_1145_FR60_1,Y49,B2,FR60,No,C3,6:26,6:42,0:16:00,16,Y49_FR60_1145
Y49_B2_53123_1145_FR60_1,Y49,B2,FR60,No,C3,6:58,7:06,0:08:00,8,Y49_FR60_1145
Y49_B2_53123_1145_FR60_1,Y49,B2,FR60,No,B3,7:25,7:57,0:32:00,32,Y49_FR60_1145
Y49_B2_53123_1145_FR60_1,Y49,B2,FR60,No,B3,8:08,8:13,0:05:00,5,Y49_FR60_1145
Y49_B2_53123_1145_FR60_1,Y49,B2,FR60,No,B2,8:40,8:44,0:04:00,4,Y49_FR60_1145
Y49_B2_53123_1145_FR60_1,Y49,B2,FR60,No,A2,9:08,9:13,0:05:00,5,Y49_FR60_1145
Y49_B2_53123_1145_FR60_1,Y49,B2,FR60,No,C4,10:07,10:21,0:14:00,14,Y49_FR60_1145
Y49_B2_53123_1145_FR60_1,Y49,B2,FR60,No,C4,10:24,10:28,0:04:00,4,Y49_FR60_1145
Y49_B2_53123_1145_FR60_1,Y49,B2,FR60,No,B4,10:42,10:46,0:04:00,4,Y49_FR60_1145
Y49_B2_53123_1145_FR60_1,Y49,B2,FR60,No,A3,11:13,11:15,0:02:00,2,Y49_FR60_1145
Y49_B2_53123_1145_FR60_1,Y49,B2,FR60,No,A1,11:41,11:44,0:03:00,3,Y49_FR60_1145
Y49_B2_53023_1131_FR60_1,Y49,B2,FR60,No,B4,0:34,0:38,0:04:00,4,Y49_FR60_1131 no caffeine
Y49_B2_53023_1131_FR60_1,Y49,B2,FR60,No,B4,0:43,0:45,0:02:00,2,Y49_FR60_1131
Y49_B2_53023_1131_FR60_1,Y49,B2,FR60,No,B4,0:53,0:58,0:05:00,5,Y49_FR60_1131
Y49_B2_53023_1131_FR60_1,Y49,B2,FR60,No,C4,3:49,3:53,0:04:00,4,Y49_FR60_1131
Y49_B2_53023_1131_FR60_1,Y49,B2,FR60,No,C4,5:16,5:17,0:01:00,1,Y49_FR60_1131
Y49_B2_53023_1131_FR60_1,Y49,B2,FR60,No,C4,6:16,6:19,0:03:00,3,Y49_FR60_1131
Y49_B2_53023_1131_FR60_1,Y49,B2,FR60,No,C2,4:05,4:09,0:04:00,4,Y49_FR60_1131
Y49_B2_53023_1131_FR60_1,Y49,B2,FR60,No,C2,7:21,7:22,0:01:00,1,Y49_FR60_1131
Y49_B2_53023_1131_FR60_1,Y49,B2,FR60,No,A1,6:24,6:29,0:05:00,5,Y49_FR60_1131
Y49_B2_53023_1131_FR60_1,Y49,B2,FR60,No,C1,7:42,7:43,0:01:00,1,Y49_FR60_1131
Y47_B2_53123_1122_FR60_1,Y47,B2,FR60,No,B3,2:19,2:49,0:30:00,30,Y47_FR60_1122 no caffeine
Y47_B2_53123_1122_FR60_1,Y47,B2,FR60,No,B3,3:02,3:40,0:38:00,38,Y47_FR60_1122 
Y47_B2_53123_1122_FR60_1,Y47,B2,FR60,No,B3,3:58,4:15,0:17:00,17,Y47_FR60_1122 
Y47_B2_53123_1122_FR60_1,Y47,B2,FR60,No,B3,4:28,4:46,0:18:00,18,Y47_FR60_1122 
Y47_B2_53123_1122_FR60_1,Y47,B2,FR60,No,B3,4:54,,###############################################################################################################################################################################################################################################################,#VALUE!,Y47_FR60_1122 video cut off
Y49_B2_53123_1145_FR60_1,Y49,B2,FR60,No,C3,4:36,5:29,0:53:00,53,Y49_FR60_1145 no caffeine
Y49_B2_53123_1145_FR60_1,Y49,B2,FR60,No,C3,5:37,5:48,0:11:00,11,Y49_FR60_1145
Y49_B2_53123_1145_FR60_1,Y49,B2,FR60,No,C3,5:55,6:19,0:24:00,24,Y49_FR60_1145
Y49_B2_53123_1145_FR60_1,Y49,B2,FR60,No,C3,6:26,6:42,0:16:00,16,Y49_FR60_1145
Y49_B2_53123_1145_FR60_1,Y49,B2,FR60,No,C3,6:58,7:06,0:08:00,8,Y49_FR60_1145
Y49_B2_53123_1145_FR60_1,Y49,B2,FR60,No,B3,7:26,7:57,0:31:00,31,Y49_FR60_1145
Y49_B2_53123_1145_FR60_1,Y49,B2,FR60,No,B3,8:08,8:13,0:05:00,5,Y49_FR60_1145
Y49_B2_53123_1145_FR60_1,Y49,B2,FR60,No,B2,8:40,8:45,0:05:00,5,Y49_FR60_1145
Y49_B2_53123_1145_FR60_1,Y49,B2,FR60,No,A2,9:08,9:13,0:05:00,5,Y49_FR60_1145
Y49_B2_53123_1145_FR60_1,Y49,B2,FR60,No,C4,10:07,10:20,0:13:00,13,Y49_FR60_1145
Y49_B2_53123_1145_FR60_1,Y49,B2,FR60,No,C4,10:25,10:28,0:03:00,3,Y49_FR60_1145
Y49_B2_53123_1145_FR60_1,Y49,B2,FR60,No,B4,10:42,10:46,0:04:00,4,Y49_FR60_1145
Y49_B2_53123_1145_FR60_1,Y49,B2,FR60,No,A3,11:12,11:15,0:03:00,3,Y49_FR60_1145
Y49_B2_53123_1145_FR60_1,Y49,B2,FR60,No,A1,11:41,11:43,0:02:00,2,Y49_FR60_1145
Y49_B2_060123_939_FR60_1,Y49,B2,FR60,Yes,C3,1:30,1:58,0:28:00,28,Y49_FR60_939 CAFFEINE
Y49_B2_060123_939_FR60_1,Y49,B2,FR60,Yes,C3,2:02,2:36,0:34:00,34,Y49_FR60_939
Y49_B2_060123_939_FR60_1,Y49,B2,FR60,Yes,C3,2:39,3:21,0:42:00,42,Y49_FR60_939
Y49_B2_060123_939_FR60_1,Y49,B2,FR60,Yes,C3,3:23,3:53,0:30:00,30,Y49_FR60_939
Y49_B2_060123_939_FR60_1,Y49,B2,FR60,Yes,C3,3:56,4:21,0:25:00,25,Y49_FR60_939
Y49_B2_060123_939_FR60_1,Y49,B2,FR60,Yes,C3,4:25,4:55,0:30:00,30,Y49_FR60_939
Y49_B2_060123_939_FR60_1,Y49,B2,FR60,Yes,C3,5:02,5:24,0:22:00,22,Y49_FR60_939
Y49_B2_060123_939_FR60_1,Y49,B2,FR60,Yes,C3,5:34,5:59,0:25:00,25,Y49_FR60_939
Y49_B2_060123_939_FR60_1,Y49,B2,FR60,Yes,C3,6:02,6:23,0:21:00,21,Y49_FR60_939
Y49_B2_060123_939_FR60_1,Y49,B2,FR60,Yes,C3,6:26,6:45,0:19:00,19,Y49_FR60_939
Y49_B2_060123_939_FR60_1,Y49,BB,FR60,Yes,C3,6:48,7:01,0:13:00,13,Y49_FR60_939
Y49_B2_060123_939_FR60_1,Y49,B2,FR60,Yes,C3,7:05,7:08,0:03:00,3,Y49_FR60_939
Y49_B2_060123_939_FR60_1,Y49,B2,FR60,Yes,C3,7:10,7:11,0:01:00,1,Y49_FR60_939
Y49_B2_060123_939_FR60_1,Y49,B2,FR60,Yes,C2,8:14,8:19,0:05:00,5,Y49_FR60_939
Y49_B2_060123_1115_FR60_1,Y49,B2,FR60,Yes,C3,0:44,1:25,0:41:00,41,Y49_FR60_1115 CAFFEINE
Y49_B2_060123_1115_FR60_1,Y49,B2,FR60,Yes,C3,1:27,2:07,0:40:00,40,Y49_FR60_1115
Y49_B2_060123_1115_FR60_1,Y49,B2,FR60,Yes,C3,2:10,2:37,0:27:00,27,Y49_FR60_1115
Y49_B2_060123_1115_FR60_1,Y49,B2,FR60,Yes,C3,2:41,3:03,0:22:00,22,Y49_FR60_1115
Y49_B2_060123_1115_FR60_1,Y49,B2,FR60,Yes,C3,3:07,3:30,0:23:00,23,Y49_FR60_1115
Y49_B2_060123_1115_FR60_1,Y49,B2,FR60,Yes,C3,3:33,3:51,0:18:00,18,Y49_FR60_1115
Y49_B2_060123_1115_FR60_1,Y49,B2,FR60,Yes,C3,3:55,4:21,0:26:00,26,Y49_FR60_1115
Y49_B2_060123_1115_FR60_1,Y49,B2,FR60,Yes,C3,4:25,4:41,0:16:00,16,Y49_FR60_1115
Y49_B2_060123_1115_FR60_1,Y49,B2,FR60,Yes,A1,5:06,5:22,0:16:00,16,Y49_FR60_1115
Y49_B2_060123_1115_FR60_1,Y49,B2,FR60,Yes,A1,5:26,5:36,0:10:00,10,Y49_FR60_1115
Y49_B2_060123_1115_FR60_1,Y49,B2,FR60,Yes,A1,6:36,6:50,0:14:00,14,Y49_FR60_1115
Y49_B2_060123_1115_FR60_1,Y49,B2,FR60,Yes,A1,6:54,7:12,0:18:00,18,Y49_FR60_1115
Y49_B2_060123_1115_FR60_1,Y49,B2,FR60,Yes,A1,7:14,7:24,0:10:00,10,Y49_FR60_1115
Y49_B2_060123_1115_FR60_1,Y49,B2,FR60,Yes,A3,5:46,5:59,0:13:00,13,Y49_FR60_1115
Y49_B2_060123_1115_FR60_1,Y49,B2,FR60,Yes,A3,6:03,6:20,0:17:00,17,Y49_FR60_1115
Y49_B2_060123_1115_FR60_1,Y49,B2,FR60,Yes,A2,7:32,7:38,0:06:00,6,Y49_FR60_1115
Y49_B2_060123_1115_FR60_1,Y49,B2,FR60,Yes,A2,10:55,11:14,0:19:00,19,Y49_FR60_1115
Y49_B2_060123_1115_FR60_1,Y49,B2,FR60,Yes,A4,10:41,10:47,0:06:00,6,Y49_FR60_1115
Y41_B2_1223_FR60_1,Y41,B2,FR60,Yes,C1,0:40,0:52,0:12:00,12,Y41_FR60_1223 CAFFEINE
Y41_B2_1223_FR60_1,Y41,B2,FR60,Yes,C1,3:41,4:08,0:27:00,27,Y41_FR60_1223
Y41_B2_1223_FR60_1,Y41,B2,FR60,Yes,C1,4:19,4:37,0:18:00,18,Y41_FR60_1223
Y41_B2_1223_FR60_1,Y41,B2,FR60,Yes,B1,1:06,1:16,0:10:00,10,Y41_FR60_1223
Y41_B2_1223_FR60_1,Y41,B2,FR60,Yes,B1,2:25,2:46,0:21:00,21,Y41_FR60_1223
Y41_B2_1223_FR60_1,Y41,B2,FR60,Yes,B1,4:51,5:08,0:17:00,17,Y41_FR60_1223
Y41_B2_1223_FR60_1,Y41,B2,FR60,Yes,B1,6:31,7:00,0:29:00,29,Y41_FR60_1223
Y41_B2_1223_FR60_1,Y41,B2,FR60,Yes,B1,8:32,8:56,0:24:00,24,Y41_FR60_1223
Y41_B2_1223_FR60_1,Y41,B2,FR60,Yes,A1,1:32,1:50,0:18:00,18,Y41_FR60_1223
Y41_B2_1223_FR60_1,Y41,B2,FR60,Yes,A1,5:26,6:01,0:35:00,35,Y41_FR60_1223
Y41_B2_1223_FR60_1,Y41,B2,FR60,Yes,A1,7:22,7:44,0:22:00,22,Y41_FR60_1223
Y41_B2_1223_FR60_1,Y41,B2,FR60,Yes,A1,9:14,9:49,0:35:00,35,Y41_FR60_1223
Y41_B2_1223_FR60_1,Y41,B2,FR60,Yes,A1,9:56,10:16,0:20:00,20,Y41_FR60_1223
Y41_B2_1223_FR60_1,Y41,B2,FR60,Yes,A1,10:34,10:54,0:20:00,20,Y41_FR60_1223
Y41_B2_1223_FR60_1,Y41,B2,FR60,Yes,A1,11:06,11:17,0:11:00,11,Y41_FR60_1223
Y58_B3_60923_1057_FR60_1,Y58,B3,FR60,Yes,C1,0:26,0:44,0:18:00,18,Y58_FR60_1057 CAFFEINE
Y58_B3_60923_1057_FR60_1,Y58,B3,FR60,Yes,C1,0:51,1:03,0:12:00,12,Y58_FR60_1057
Y58_B3_60923_1057_FR60_1,Y58,B3,FR60,Yes,C1,1:07,1:21,0:14:00,14,Y58_FR60_1057
Y58_B3_60923_1057_FR60_1,Y58,B3,FR60,Yes,C4,2:57,3:03,0:06:00,6,Y58_FR60_1057
Y58_B3_60923_1057_FR60_1,Y58,B3,FR60,Yes,C4,3:04,3:06,0:02:00,2,Y58_FR60_1057
Y58_B3_60923_1057_FR60_1,Y58,B3,FR60,Yes,C4,5:03,5:09,0:06:00,6,Y58_FR60_1057
Y58_B3_60923_1057_FR60_1,Y58,B3,FR60,Yes,B3,5:17,5:21,0:04:00,4,Y58_FR60_1057
Y58_B3_60923_1057_FR60_1,Y58,B3,FR60,Yes,B1,5:24,5:26,0:02:00,2,Y58_FR60_1057
Y58_B3_60923_1057_FR60_1,Y58,B3,FR60,Yes,C2,1:28,1:34,0:06:00,6,Y58_FR60_1057
Y58_B3_60923_1057_FR60_1,Y58,B3,FR60,Yes,C2,1:37,1:43,0:06:00,6,Y58_FR60_1057
Y58_B3_60923_1057_FR60_1,Y58,B3,FR60,Yes,C2,1:50,1:59,0:09:00,9,Y58_FR60_1057
Y58_B3_60923_1057_FR60_1,Y58,B3,FR60,Yes,C2,2:03,2:13,0:10:00,10,Y58_FR60_1057
Y58_B3_60923_1057_FR60_1,Y58,B3,FR60,Yes,C2,4:26,4:29,0:03:00,3,Y58_FR60_1057
Y58_B3_60923_1057_FR60_1,Y58,B3,FR60,Yes,B4,3:12,3:18,0:06:00,6,Y58_FR60_1057
Y58_B3_60923_1057_FR60_1,Y58,B3,FR60,Yes,B2,4:18,4:25,0:07:00,7,Y58_FR60_1057
Y58_B3_60923_1057_FR60_1,Y58,B3,FR60,Yes,A2,6:16,6:17,0:01:00,1,Y58_FR60_1057
Y58_B3_60923_1057_FR60_1,Y58,B3,FR60,Yes,C3,2:21,2:31,0:10:00,10,Y58_FR60_1057
Y58_B3_60923_1057_FR60_1,Y58,B3,FR60,Yes,C3,2:38,2:46,0:08:00,8,Y58_FR60_1057
Y58_B3_60923_1057_FR60_1,Y58,B3,FR60,Yes,C3,4:36,4:46,0:10:00,10,Y58_FR60_1057
Y58_B3_60923_1057_FR60_1,Y58,B3,FR60,Yes,C3,4:59,5:00,0:01:00,1,Y58_FR60_1057
Y58_B3_60923_1057_FR60_1,Y58,B3,FR60,Yes,A4,3:27,3:36,0:09:00,9,Y58_FR60_1057
Y58_B3_60923_1057_FR60_1,Y58,B3,FR60,Yes,A4,3:39,3:52,0:13:00,13,Y58_FR60_1057
Y58_B3_60923_1057_FR60_1,Y58,B3,FR60,Yes,A4,5:44,5:45,0:01:00,1,Y58_FR60_1057
Y58_B3_60923_1057_FR60_1,Y58,B3,FR60,Yes,A4,6:49,6:51,0:02:00,2,Y58_FR60_1057
Y58_B3_60923_1057_FR60_1,Y58,B3,FR60,Yes,A3,4:02,4:11,0:09:00,9,Y58_FR60_1057
Y58_B3_60923_1057_FR60_1,Y58,B3,FR60,Yes,A1,7:08,7:09,0:01:00,1,Y58_FR60_1057
B57_B3_53123_358_FR60_1,B57,B3,FR60,No,C1,1:28,2:06,0:00:00,0,B57_FR60_358
B57_B3_53123_358_FR60_1,B57,B3,FR60,No,C1,4:04,4:20,0:00:00,0,B57_FR60_358
B57_B3_53123_358_FR60_1,B57,B3,FR60,No,C2,6:00,6:09,0:09:00,9,B57_FR60_358
B57_B3_53123_358_FR60_1,B57,B3,FR60,No,C2,7:22,7:34,0:12:00,12,B57_FR60_358
B57_B3_53123_358_FR60_1,B57,B3,FR60,No,B1,2:15,2:32,0:17:00,17,B57_FR60_358
B57_B3_53123_358_FR60_1,B57,B3,FR60,No,B1,4:26,4:40,0:14:00,14,B57_FR60_358
B57_B3_53123_358_FR60_1,B57,B3,FR60,No,B1,4:45,4:51,0:06:00,6,B57_FR60_358
B57_B3_53123_358_FR60_1,B57,B3,FR60,No,B1,5:34,5:43,0:09:00,9,B57_FR60_358
B57_B3_53123_358_FR60_1,B57,B3,FR60,No,B1,8:45,8:53,0:08:00,8,B57_FR60_358
B57_B3_53123_358_FR60_1,B57,B3,FR60,No,B2,6:16,6:24,0:08:00,8,B57_FR60_358
B57_B3_53123_358_FR60_1,B57,B3,FR60,No,B2,7:45,7:54,0:09:00,9,B57_FR60_358
B57_B3_53123_358_FR60_1,B57,B3,FR60,No,A1,2:42,,###############################################################################################################################################################################################################################################################,#VALUE!,B57_FR60_358 blocked view (bee visit only)
B57_B3_53123_358_FR60_1,B57,B3,FR60,No,A1,3:14,,###############################################################################################################################################################################################################################################################,#VALUE!,B57_FR60_358
B57_B3_53123_358_FR60_1,B57,B3,FR60,No,A1,3:31,,###############################################################################################################################################################################################################################################################,#VALUE!,B57_FR60_358
B57_B3_53123_358_FR60_1,B57,B3,FR60,No,A1,5:03,,###############################################################################################################################################################################################################################################################,#VALUE!,B57_FR60_358
B57_B3_53123_358_FR60_1,B57,B3,FR60,No,A1,9:15,,###############################################################################################################################################################################################################################################################,#VALUE!,B57_FR60_358
B57_B3_53123_358_FR60_1,B57,B3,FR60,No,A2,6:31,6:38,0:07:00,7,B57_FR60_358
B57_B3_53123_358_FR60_1,B57,B3,FR60,No,A2,6:45,6:54,0:09:00,9,B57_FR60_358
B57_B3_53123_358_FR60_1,B57,B3,FR60,No,A2,8:00,8:07,0:07:00,7,B57_FR60_358
B57_B3_53123_358_FR60_1,B57,B3,FR60,No,A2,8:09,8:11,0:02:00,2,B57_FR60_358
B57_B3_53123_358_FR60_1,B57,B3,FR60,No,A2,8:22,8:23,0:01:00,1,B57_FR60_358
Y41_B2_1041_FR60_1,Y41,B2,FR60,No,C1,0:14,0:29,0:15:00,15,Y41_FR60_1041
Y41_B2_1041_FR60_1,Y41,B2,FR60,No,C1,0:34,0:40,0:06:00,6,Y41_FR60_1041
Y41_B2_1041_FR60_1,Y41,B2,FR60,No,C1,6:19,6:30,0:11:00,11,Y41_FR60_1041
Y41_B2_1041_FR60_1,Y41,B2,FR60,No,C1,6:59,7:01,0:02:00,2,Y41_FR60_1041
Y41_B2_1041_FR60_1,Y41,B2,FR60,No,C1,9:07,9:44,0:37:00,37,Y41_FR60_1041
Y41_B2_1041_FR60_1,Y41,B2,FR60,No,B1,0:53,1:33,0:40:00,40,Y41_FR60_1041
Y41_B2_1041_FR60_1,Y41,B2,FR60,No,B1,4:41,5:06,0:25:00,25,Y41_FR60_1041
Y41_B2_1041_FR60_1,Y41,B2,FR60,No,B1,3:50,3:54,0:04:00,4,Y41_FR60_1041
Y41_B2_1041_FR60_1,Y41,B2,FR60,No,B1,4:41,5:06,0:25:00,25,Y41_FR60_1041
Y41_B2_1041_FR60_1,Y41,B2,FR60,No,B1,6:46,6:50,0:04:00,4,Y41_FR60_1041
Y41_B2_1041_FR60_1,Y41,B2,FR60,No,B1,7:10,7:12,0:02:00,2,Y41_FR60_1041
Y41_B2_1041_FR60_1,Y41,B2,FR60,No,B1,8:00,8:03,0:03:00,3,Y41_FR60_1041
Y41_B2_1041_FR60_1,Y41,B2,FR60,No,B1,8:09,8:12,0:03:00,3,Y41_FR60_1041
Y41_B2_1041_FR60_1,Y41,B2,FR60,No,B1,8:35,8:36,0:01:00,1,Y41_FR60_1041
Y41_B2_1041_FR60_1,Y41,B2,FR60,No,B1,10:00,10:04,0:04:00,4,Y41_FR60_1041
Y41_B2_1041_FR60_1,Y41,B2,FR60,No,A1,2:07,2:51,0:44:00,44,Y41_FR60_1041
Y41_B2_1041_FR60_1,Y41,B2,FR60,No,A1,2:57,3:24,0:27:00,27,Y41_FR60_1041
Y41_B2_1041_FR60_1,Y41,B2,FR60,No,A1,3:30,3:36,0:06:00,6,Y41_FR60_1041
Y41_B2_1041_FR60_1,Y41,B2,FR60,No,A1,4:03,4:08,0:05:00,5,Y41_FR60_1041
Y41_B2_1041_FR60_1,Y41,B2,FR60,No,A1,5:18,5:22,0:04:00,4,Y41_FR60_1041
Y41_B2_1041_FR60_1,Y41,B2,FR60,No,A1,7:23,7:49,0:26:00,26,Y41_FR60_1041
Y41_B2_1041_FR60_1,Y41,B2,FR60,No,A1,8:21,8:25,0:04:00,4,Y41_FR60_1041
Y41_B2_1041_FR60_1,Y41,B2,FR60,No,A1,8:46,8:49,0:03:00,3,Y41_FR60_1041
Y41_B2_1041_FR60_1,Y41,B2,FR60,No,A1,10:14,10:20,0:06:00,6,Y41_FR60_1041
Y41_B2_1012_FR60_1,Y41,B2,FR60,No,B1,1:44,2:09,0:25:00,25,Y41_FR60_1012 *
Y41_B2_1012_FR60_1,Y41,B2,FR60,No,B1,2:16,2:41,0:25:00,25,Y41_FR60_1012
Y41_B2_1012_FR60_1,Y41,B2,FR60,No,B1,9:36,9:40,0:04:00,4,Y41_FR60_1012
Y41_B2_1012_FR60_1,Y41,B2,FR60,No,A1,2:54,3:20,0:26:00,26,Y41_FR60_1012
Y41_B2_1012_FR60_1,Y41,B2,FR60,No,A1,3:27,3:58,0:31:00,31,Y41_FR60_1012
Y41_B2_1012_FR60_1,Y41,B2,FR60,No,A1,4:06,4:27,0:21:00,21,Y41_FR60_1012
Y41_B2_1012_FR60_1,Y41,B2,FR60,No,A1,4:36,5:25,0:49:00,49,Y41_FR60_1012
Y41_B2_1012_FR60_1,Y41,B2,FR60,No,A1,5:32,6:06,0:34:00,34,Y41_FR60_1012
Y41_B2_1012_FR60_1,Y41,B2,FR60,No,A1,6:17,6:44,0:27:00,27,Y41_FR60_1012
Y41_B2_1012_FR60_1,Y41,B2,FR60,No,A1,6:52,7:14,0:22:00,22,Y41_FR60_1012
Y41_B2_1012_FR60_1,Y41,B2,FR60,No,A1,7:21,7:49,0:28:00,28,Y41_FR60_1012
Y41_B2_1012_FR60_1,Y41,B2,FR60,No,A1,8:02,8:35,0:33:00,33,Y41_FR60_1012
Y41_B2_1012_FR60_1,Y41,B2,FR60,No,A1,8:43,8:56,0:13:00,13,Y41_FR60_1012
Y41_B2_1012_FR60_1,Y41,B2,FR60,No,A1,9:21,9:24,0:03:00,3,Y41_FR60_1012
Y41_B2_1114_FR60_1,Y41,B2,FR60,No,C1,0:57,1:31,0:00:00,0,Y41_FR60_1114. *
Y41_B2_1114_FR60_1,Y41,B2,FR60,No,C1,4:48,5:05,0:17:00,17,Y41_FR60_1114
Y41_B2_1114_FR60_1,Y41,B2,FR60,No,C1,6:51,7:16,0:25:00,25,Y41_FR60_1114
Y41_B2_1114_FR60_1,Y41,B2,FR60,No,C1,7:30,7:50,0:20:00,20,Y41_FR60_1114
Y41_B2_1114_FR60_1,Y41,B2,FR60,No,B1,1:45,2:10,0:25:00,25,Y41_FR60_1114
Y41_B2_1114_FR60_1,Y41,B2,FR60,No,B1,4:04,4:24,0:20:00,20,Y41_FR60_1114
Y41_B2_1114_FR60_1,Y41,B2,FR60,No,B1,5:18,5:49,0:31:00,31,Y41_FR60_1114
Y41_B2_1114_FR60_1,Y41,B2,FR60,No,B1,8:08,8:29,0:21:00,21,Y41_FR60_1114
Y41_B2_1114_FR60_1,Y41,B2,FR60,No,A1,2:22,2:44,0:22:00,22,Y41_FR60_1114
Y41_B2_1114_FR60_1,Y41,B2,FR60,No,A1,3:02,3:32,0:30:00,30,Y41_FR60_1114
Y41_B2_1114_FR60_1,Y41,B2,FR60,No,A1,6:01,6:18,0:17:00,17,Y41_FR60_1114
Y41_B2_1114_FR60_1,Y41,B2,FR60,No,A1,8:44,9:10,0:26:00,26,Y41_FR60_1114
Y41_B2_1114_FR60_1,Y41,B2,FR60,No,A1,9:17,9:49,0:32:00,32,Y41_FR60_1114
Y41_B2_1114_FR60_1,Y41,B2,FR60,No,A1,10:00,10:32,0:32:00,32,Y41_FR60_1114
Y41_B2_1114_FR60_1,Y41,B2,FR60,No,A1,10:41,10:52,0:11:00,11,Y41_FR60_1114
Y41_B2_1114_FR60_1,Y41,B2,FR60,No,A1,10:55,10:56,0:01:00,1,Y41_FR60_1114
Y58_B2_60823_1122_FR60_1,Y58,B2,FR60,Yes,C4,5:35,5:38,0:03:00,3,Y58_FR60_1122 CAFFEINE
Y58_B2_60823_1122_FR60_1,Y58,B2,FR60,Yes,C4,5:45,5:57,0:12:00,12,Y58_FFR60_1122
Y58_B2_60823_1122_FR60_1,Y58,B2,FR60,Yes,C4,6:00,6:21,0:21:00,21,Y58_FFR60_1122
Y58_B2_60823_1122_FR60_1,Y58,B2,FR60,Yes,C4,6:23,6:29,0:06:00,6,Y58_FFR60_1122
Y58_B2_60823_1122_FR60_1,Y58,B2,FR60,Yes,C4,6:45,7:00,0:15:00,15,Y58_FFR60_1122
Y58_B2_60823_1122_FR60_1,Y58,B2,FR60,Yes,C4,7:08,7:12,0:04:00,4,Y58_FFR60_1122
Y58_B2_60823_1122_FR60_1,Y58,B2,FR60,Yes,B4,7:24,7:34,0:10:00,10,Y58_FFR60_1122
Y58_B2_60823_1122_FR60_1,Y58,B2,FR60,Yes,B4,7:39,7:51,0:12:00,12,Y58_FFR60_1122
Y58_B2_60823_1122_FR60_1,Y58,B2,FR60,Yes,B4,7:56,8:09,0:13:00,13,Y58_FFR60_1122
Y58_B2_60823_1122_FR60_1,Y58,B2,FR60,Yes,B4,8:13,8:24,0:11:00,11,Y58_FFR60_1122
Y58_B2_60823_1122_FR60_1,Y58,B2,FR60,Yes,B4,8:27,8:41,0:14:00,14,Y58_FFR60_1122
Y58_B2_60823_1122_FR60_1,Y58,B2,FR60,Yes,B4,8:46,8:54,0:08:00,8,Y58_FFR60_1122
Y58_B2_60823_1122_FR60_1,Y58,B2,FR60,Yes,A4,9:07,9:16,0:09:00,9,Y58_FFR60_1122
Y58_B2_60823_1122_FR60_1,Y58,B2,FR60,Yes,A1,9:45,9:46,0:01:00,1,Y58_FFR60_1122
Y58_B2_60823_1122_FR60_1,Y58,B2,FR60,Yes,B1,10:24,10:32,0:08:00,8,Y58_FFR60_1122
Y58_B2_60823_1122_FR60_1,Y58,B2,FR60,Yes,B1,10:34,10:37,0:03:00,3,Y58_FFR60_1122
Y58_B2_60823_1122_FR60_1,Y58,B2,FR60,Yes,B2,9:54,9:57,0:03:00,3,Y58_FFR60_1122
Y58_B2_60823_1122_FR60_1,Y58,B2,FR60,Yes,B2,11:44,,###############################################################################################################################################################################################################################################################,#VALUE!,Y58_FFR60_1122 video was cut off
Y58_B2_60823_1122_FR60_1,Y58,B2,FR60,Yes,C2,11:14,11:22,0:08:00,8,Y58_FFR60_1122
Y58_B2_60823_1122_FR60_1,Y58,B2,FR60,Yes,C2,11:25,11:27,0:02:00,2,Y58_FFR60_1122
Y58_B2_60823_1122_FR60_1,Y58,B2,FR60,Yes,C2,11:34,11:35,0:01:00,1,Y58_FFR60_1122
Y58_B2_60823_1122_FR60_1,Y58,B2,FR60,Yes,C1,10:08,10:16,0:08:00,8,Y58_FFR60_1122
Y58_B2_60823_1122_FR60_1,Y58,B2,FR60,Yes,C1,10:57,11:04,0:07:00,7,Y58_FFR60_1122
Y58_B2_60823_1240_FR60_1,Y58,B2,FR60,Yes,A1,0:34,0:49,0:15:00,15,Y58_FR60_1240 CAFFEINE
Y58_B2_60823_1240_FR60_1,Y58,B2,FR60,Yes,A1,3:33,3:38,0:05:00,5,Y58_FR60_1240
Y58_B2_60823_1240_FR60_1,Y58,B2,FR60,Yes,A1,3:58,4:05,0:07:00,7,Y58_FR60_1240
Y58_B2_60823_1240_FR60_1,Y58,B2,FR60,Yes,A1,6:09,6:15,0:06:00,6,Y58_FR60_1240
Y58_B2_60823_1240_FR60_1,Y58,B2,FR60,Yes,A1,7:43,7:52,0:09:00,9,Y58_FR60_1240
Y58_B2_60823_1240_FR60_1,Y58,B2,FR60,Yes,A4,2:18,2:24,0:06:00,6,Y58_FR60_1240
Y58_B2_60823_1240_FR60_1,Y58,B2,FR60,Yes,A4,2:25,2:28,0:03:00,3,Y58_FR60_1240
Y58_B2_60823_1240_FR60_1,Y58,B2,FR60,Yes,A4,2:56,3:04,0:08:00,8,Y58_FR60_1240
Y58_B2_60823_1240_FR60_1,Y58,B2,FR60,Yes,B1,3:20,3:27,0:07:00,7,Y58_FR60_1240
Y58_B2_60823_1240_FR60_1,Y58,B2,FR60,Yes,B1,3:28,3:30,0:02:00,2,Y58_FR60_1240
Y58_B2_60823_1240_FR60_1,Y58,B2,FR60,Yes,C4,0:58,1:07,0:09:00,9,Y58_FR60_1240
Y58_B2_60823_1240_FR60_1,Y58,B2,FR60,Yes,C4,4:19,4:27,0:08:00,8,Y58_FR60_1240
Y58_B2_60823_1240_FR60_1,Y58,B2,FR60,Yes,B4,2:34,2:42,0:08:00,8,Y58_FR60_1240
Y58_B2_60823_1240_FR60_1,Y58,B2,FR60,Yes,B4,2:46,2:52,0:06:00,6,Y58_FR60_1240
Y58_B2_60823_1240_FR60_1,Y58,B2,FR60,Yes,B4,4:30,4:37,0:07:00,7,Y58_FR60_1240
Y58_B2_60823_1240_FR60_1,Y58,B2,FR60,Yes,B4,4:41,4:47,0:06:00,6,Y58_FR60_1240
Y58_B2_60823_1240_FR60_1,Y58,B2,FR60,Yes,B4,4:48,4:49,0:01:00,1,Y58_FR60_1240
Y58_B2_60823_1240_FR60_1,Y58,B2,FR60,Yes,B4,6:49,6:51,0:02:00,2,Y58_FR60_1240
Y58_B2_60823_1240_FR60_1,Y58,B2,FR60,Yes,A2,3:44,3:50,0:06:00,6,Y58_FR60_1240
Y58_B2_60823_1240_FR60_1,Y58,B2,FR60,Yes,A2,8:22,8:24,0:02:00,2,Y58_FR60_1240
Y58_B2_60823_1240_FR60_1,Y58,B2,FR60,Yes,A3,1:38,1:51,0:13:00,13,Y58_FR60_1240
Y58_B2_60823_1240_FR60_1,Y58,B2,FR60,Yes,A3,2:00,2:12,0:12:00,12,Y58_FR60_1240
Y58_B2_60823_1240_FR60_1,Y58,B2,FR60,Yes,A3,5:00,5:10,0:10:00,10,Y58_FR60_1240
Y58_B2_60823_1240_FR60_1,Y58,B2,FR60,Yes,A3,5:12,5:26,0:14:00,14,Y58_FR60_1240
Y58_B2_60823_1240_FR60_1,Y58,B2,FR60,Yes,A3,5:42,5:48,0:06:00,6,Y58_FR60_1240
Y58_B2_60823_1240_FR60_1,Y58,B2,FR60,Yes,A3,5:53,6:01,0:08:00,8,Y58_FR60_1240
Y58_B2_60823_1240_FR60_1,Y58,B2,FR60,Yes,A3,6:38,6:45,0:07:00,7,Y58_FR60_1240
Y58_B2_60823_1240_FR60_1,Y58,B2,FR60,Yes,C1,3:11,3:16,0:05:00,5,Y58_FR60_1240
Y58_B2_60823_1240_FR60_1,Y58,B2,FR60,Yes,C3,4:09,4:14,0:05:00,5,Y58_FR60_1240
B19_B3_60523_125_FR60_1,B19,B3,FR60,No,C1,0:40,1:00,0:20:00,20,B19_FR60_125*
B19_B3_60523_125_FR60_1,B19,B3,FR60,No,C1,1:07,1:33,0:26:00,26,B19_FR60_125
B19_B3_60523_125_FR60_1,B19,B3,FR60,No,C1,3:01,3:20,0:19:00,19,B19_FR60_125
B19_B3_60523_125_FR60_1,B19,B3,FR60,No,C1,3:34,4:03,0:29:00,29,B19_FR60_125
B19_B3_60523_125_FR60_1,B19,B3,FR60,No,C1,4:19,4:41,0:22:00,22,B19_FR60_125
B19_B3_60523_125_FR60_1,B19,B3,FR60,No,C1,4:48,5:14,0:26:00,26,B19_FR60_125
B19_B3_60523_125_FR60_1,B19,B3,FR60,No,C1,5:22,5:44,0:22:00,22,B19_FR60_125
B19_B3_60523_125_FR60_1,B19,B3,FR60,No,C1,5:54,6:16,0:22:00,22,B19_FR60_125
B19_B3_60523_125_FR60_1,B19,B3,FR60,No,C1,6:24,6:46,0:22:00,22,B19_FR60_125
B19_B3_60523_125_FR60_1,B19,B3,FR60,No,C1,10:21,10:38,0:17:00,17,B19_FR60_125
B19_B3_60523_125_FR60_1,B19,B3,FR60,No,C1,10:45,11:07,0:22:00,22,B19_FR60_125
B19_B3_60523_125_FR60_1,B19,B3,FR60,No,C1,11:30,11:32,0:02:00,2,B19_FR60_125
B19_B3_60523_125_FR60_1,B19,B3,FR60,No,C1,11:43,11:46,0:03:00,3,B19_FR60_125
B68_B3_60623_1150_FR60_1,B68,B3,FR60,No,C2,1:55,2:11,0:16:00,16,B68_FR60_1150*
B68_B3_60623_1150_FR60_1,B68,B3,FR60,No,C2,2:23,2:35,0:12:00,12,B68_FR60_1150
B68_B3_60623_1150_FR60_1,B68,B3,FR60,No,C2,11:04,11:06,0:02:00,2,B68_FR60_1150
B68_B3_60623_1150_FR60_1,B68,B3,FR60,No,A4,5:25,5:42,0:17:00,17,B68_FR60_1150
B68_B3_60623_1150_FR60_1,B68,B3,FR60,No,A4,5:49,5:58,0:09:00,9,B68_FR60_1150
B68_B3_60623_1150_FR60_1,B68,B3,FR60,No,A4,6:04,6:23,0:19:00,19,B68_FR60_1150
B68_B3_60623_1150_FR60_1,B68,B3,FR60,No,A4,9:42,9:45,0:03:00,3,B68_FR60_1150
B68_B3_60623_1150_FR60_1,B68,B3,FR60,No,A3,10:03,10:07,0:04:00,4,B68_FR60_1150
B68_B3_60623_1150_FR60_1,B68,B3,FR60,No,B2,2:49,3:17,0:28:00,28,B68_FR60_1150
B68_B3_60623_1150_FR60_1,B68,B3,FR60,No,B2,3:29,3:48,0:19:00,19,B68_FR60_1150
B68_B3_60623_1150_FR60_1,B68,B3,FR60,No,B4,6:58,7:09,0:11:00,11,B68_FR60_1150
B68_B3_60623_1150_FR60_1,B68,B3,FR60,No,B4,7:15,7:17,0:02:00,2,B68_FR60_1150
B68_B3_60623_1150_FR60_1,B68,B3,FR60,No,B4,7:27,7:37,0:10:00,10,B68_FR60_1150
B68_B3_60623_1150_FR60_1,B68,B3,FR60,No,A2,10:21,10:23,0:02:00,2,B68_FR60_1150
B68_B3_60623_1150_FR60_1,B68,B3,FR60,No,B3,4:38,4:50,0:12:00,12,B68_FR60_1150
B68_B3_60623_1150_FR60_1,B68,B3,FR60,No,B3,4:54,4:57,0:03:00,3,B68_FR60_1150
B68_B3_60623_1150_FR60_1,B68,B3,FR60,No,C4,7:52,8:03,0:11:00,11,B68_FR60_1150
B68_B3_60623_1150_FR60_1,B68,B3,FR60,No,C4,8:07,8:43,0:36:00,36,B68_FR60_1150
B68_B3_60623_1150_FR60_1,B68,B3,FR60,No,C4,9:02,9:04,0:02:00,2,B68_FR60_1150
B58_B3_60723_1253_FR60_2,B58,B3,FR60,No,C2,1:22,1:58,0:36:00,36,B58_FR60_1253*
B58_B3_60723_1253_FR60_1,B58,B3,FR60,No,C2,2:05,2:29,0:24:00,24,B58_FR60_1253
B58_B3_60723_1253_FR60_1,B58,B3,FR60,No,C2,2:35,2:59,0:24:00,24,B58_FR60_1253
B58_B3_60723_1253_FR60_1,B58,B3,FR60,No,C2,3:04,3:27,0:23:00,23,B58_FR60_1253
B58_B3_60723_1253_FR60_1,B58,B3,FR60,No,C2,3:35,4:01,0:26:00,26,B58_FR60_1253
B58_B3_60723_1253_FR60_1,B58,B3,FR60,No,C2,4:08,4:28,0:20:00,20,B58_FR60_1253
B58_B3_60723_1253_FR60_1,B58,B3,FR60,No,C2,4:30,4:57,0:27:00,27,B58_FR60_1253
B58_B3_60723_1253_FR60_1,B58,B3,FR60,No,C2,5:01,5:18,0:17:00,17,B58_FR60_1253
B58_B3_60723_1253_FR60_1,B58,B3,FR60,No,C2,5:23,,,0,B58_FR60_1253 video cut off
R52_B4_71423_141_FR60_1,R52,B4,FR60,No,C3,5:59,7:01,0:02:00,2,R52_FR60_141*
R52_B4_71423_141_FR60_1,R52,B4,FR60,No,C3,7:07,8:07,1:00:00,60,R52_FR60_141
R52_B4_71423_141_FR60_1,R52,B4,FR60,No,C3,8:23,9:25,1:02:00,62,R52_FR60_141
R52_B4_71423_141_FR60_1,R52,B4,FR60,No,C3,9:31,10:26,0:55:00,55,R52_FR60_141
R52_B4_71423_141_FR60_1,R52,B4,FR60,No,C3,10:35,11:07,0:32:00,32,R52_FR60_141
R52_B4_71423_141_FR60_1,R52,B4,FR60,No,C3,11:14,,,0,R52_FR60_141 video cut off
B72_B3_60723_1054_FR60_1,B72,B3,FR60,No,A2,2:06,2:21,0:15:00,15,B72_FR60_1054*
B72_B3_60723_1054_FR60_1,B72,B3,FR60,No,A2,2:26,2:36,0:10:00,10,B72_FR60_1054
B72_B3_60723_1054_FR60_1,B72,B3,FR60,No,A2,5:15,5:16,0:01:00,1,B72_FR60_1054
B72_B3_60723_1054_FR60_1,B72,B3,FR60,No,A2,8:10,8:19,0:09:00,9,B72_FR60_1054
B72_B3_60723_1054_FR60_1,B72,B3,FR60,No,C3,4:06,4:10,0:04:00,4,B72_FR60_1054
B72_B3_60723_1054_FR60_1,B72,B3,FR60,No,C4,10:48,10:51,0:03:00,3,B72_FR60_1054
B72_B3_60723_1054_FR60_1,B72,B3,FR60,No,A1,2:56,,,0,B72_FR60_1054 light bar blocking view
B72_B3_60723_1054_FR60_1,B72,B3,FR60,No,B1,4:42,4:45,0:03:00,3,B72_FR60_1054
B72_B3_60723_1054_FR60_1,B72,B3,FR60,No,A4,3:55,4:01,0:06:00,6,B72_FR60_1054
B72_B3_60723_1054_FR60_1,B72,B3,FR60,No,A4,5:01,5:03,0:02:00,2,B72_FR60_1054
B72_B3_60723_1054_FR60_1,B72,B3,FR60,No,A4,9:02,,,0,B72_FR60_1054
B72_B3_60723_1054_FR60_1,B72,B3,FR60,No,B4,9:28,9:30,0:02:00,2,B72_FR60_1054
B72_B3_60723_1054_FR60_1,B72,B3,FR60,No,B4,11:14,11:16,0:02:00,2,B72_FR60_1054
Y92_B4_71823_1107_FR60_1,Y92,B4,FR60,No,B3,0:55,1:20,0:25:00,25,Y92_FR60_1107*
Y92_B4_71823_1107_FR60_1,Y92,B4,FR60,No,B3,1:30,1:38,0:08:00,8,Y92_FR60_1107
Y92_B4_71823_1107_FR60_1,Y92,B4,FR60,No,B3,1:47,2:14,0:27:00,27,Y92_FR60_1107
Y92_B4_71823_1107_FR60_1,Y92,B4,FR60,No,B3,2:27,2:50,0:23:00,23,Y92_FR60_1107
Y92_B4_71823_1107_FR60_1,Y92,B4,FR60,No,B3,3:04,3:28,0:24:00,24,Y92_FR60_1107
Y92_B4_71823_1107_FR60_1,Y92,B4,FR60,No,B3,3:45,4:28,0:43:00,43,Y92_FR60_1107
Y92_B4_71823_1107_FR60_1,Y92,B4,FR60,No,B3,5:26,5:30,0:04:00,4,Y92_FR60_1107
Y92_B4_71823_1107_FR60_1,Y92,B4,FR60,No,B3,5:39,6:23,0:44:00,44,Y92_FR60_1107
Y92_B4_71823_1107_FR60_1,Y92,B4,FR60,No,A3,7:22,7:51,0:29:00,29,Y92_FR60_1107
Y92_B4_71823_1107_FR60_1,Y92,B4,FR60,No,A3,9:33,9:42,0:09:00,9,Y92_FR60_1107
Y92_B4_71823_1107_FR60_1,Y92,B4,FR60,No,C3,8:48,9:12,0:24:00,24,Y92_FR60_1107
Y92_B4_71923_112_FR60_1,Y92,B4,FR60,No,C3,0:51,1:05,0:14:00,14,Y92_FR60_112*
Y92_B4_71923_112_FR60_1,Y92,B4,FR60,No,C3,1:24,1:45,0:21:00,21,Y92_FR60_112
Y92_B4_71923_112_FR60_1,Y92,B4,FR60,No,C3,8:45,8:57,0:12:00,12,Y92_FR60_112
Y92_B4_71923_112_FR60_1,Y92,B4,FR60,No,B3,7:33,7:47,0:14:00,14,Y92_FR60_112
Y92_B4_71923_112_FR60_1,Y92,B4,FR60,No,C2,2:54,3:20,0:26:00,26,Y92_FR60_112
Y92_B4_71923_112_FR60_1,Y92,B4,FR60,No,C2,6:06,6:16,0:10:00,10,Y92_FR60_112
Y92_B4_71923_112_FR60_1,Y92,B4,FR60,No,C2,6:24,6:40,0:16:00,16,Y92_FR60_112
Y92_B4_71923_112_FR60_1,Y92,B4,FR60,No,C1,10:48,11:10,0:22:00,22,Y92_FR60_112
Y92_B4_71923_112_FR60_1,Y92,B4,FR60,No,A3,4:36,4:51,0:15:00,15,Y92_FR60_112
B53_B3_60923_145_FR60_1,B53,B3,FR60,No,C4,1:33,1:57,0:24:00,24,B53_FR60_145*
B53_B3_60923_145_FR60_1,B53,B3,FR60,No,C4,2:01,2:05,0:04:00,4,B53_FR60_145
B53_B3_60923_145_FR60_1,B53,B3,FR60,No,C4,2:23,2:27,0:04:00,4,B53_FR60_145
B53_B3_60923_145_FR60_1,B53,B3,FR60,No,C4,2:47,2:51,0:04:00,4,B53_FR60_145
B53_B3_60923_145_FR60_1,B53,B3,FR60,No,C4,3:01,3:02,0:01:00,1,B53_FR60_145
B53_B3_60923_145_FR60_1,B53,B3,FR60,No,C4,3:41,3:49,0:08:00,8,B53_FR60_145
B78_B3_61623_313_FR60_1,B78,B3,FR60,No,C3,1:18,1:45,0:27:00,27,B78_FR60_313*
B78_B3_61623_313_FR60_1,B78,B3,FR60,No,C3,1:49,2:08,0:19:00,19,B78_FR60_313
B78_B3_61623_313_FR60_1,B78,B3,FR60,No,C3,2:14,2:49,0:35:00,35,B78_FR60_313
B78_B3_61623_313_FR60_1,B78,B3,FR60,No,C3,2:54,3:13,0:19:00,19,B78_FR60_313
B78_B3_61623_313_FR60_1,B78,B3,FR60,No,C3,3:17,3:44,0:27:00,27,B78_FR60_313
B78_B3_61623_313_FR60_1,B78,B3,FR60,No,C3,3:52,4:25,0:33:00,33,B78_FR60_313
B78_B3_61623_313_FR60_1,B78,B3,FR60,No,C3,4:29,5:00,0:31:00,31,B78_FR60_313
B78_B3_61623_313_FR60_1,B78,B3,FR60,No,C3,5:03,5:19,0:16:00,16,B78_FR60_313
B78_B3_61623_313_FR60_1,B78,B3,FR60,No,C3,5:24,5:43,0:19:00,19,B78_FR60_313
B78_B3_61623_313_FR60_1,B78,B3,FR60,No,C3,5:46,6:03,0:17:00,17,B78_FR60_313
B78_B3_61623_313_FR60_1,B78,B3,FR60,No,C3,6:08,6:24,0:16:00,16,B78_FR60_313
B78_B3_61623_313_FR60_1,B78,B3,FR60,No,C3,6:29,6:41,0:12:00,12,B78_FR60_313
B78_B3_61623_313_FR60_1,B78,B3,FR60,No,C3,6:56,6:58,0:02:00,2,B78_FR60_313
G10_B3_62723_1008_FR60_1,G10,B3,FR60,No,B2,6:06,6:13,0:07:00,7,G10_FR60_1008*
G10_B3_62723_1008_FR60_1,G10,B3,FR60,No,B2,7:11,7:47,0:36:00,36,G10_FR60_1008
G10_B3_62723_1008_FR60_1,G10,B3,FR60,No,B2,7:57,8:15,0:18:00,18,G10_FR60_1008
G10_B3_62723_1008_FR60_1,G10,B3,FR60,No,B2,10:22,10:36,0:14:00,14,G10_FR60_1008
G10_B3_62723_1008_FR60_1,G10,B3,FR60,No,B2,10:49,11:01,0:12:00,12,G10_FR60_1008
G10_B3_62723_1008_FR60_1,G10,B3,FR60,No,A2,6:28,7:01,0:33:00,33,G10_FR60_1008
G10_B3_62723_1008_FR60_1,G10,B3,FR60,No,A2,11:16,11:27,0:11:00,11,G10_FR60_1008
G10_B3_62723_1008_FR60_1,G10,B3,FR60,No,C2,9:28,9:42,0:14:00,14,G10_FR60_1008
G10_B3_62723_1008_FR60_1,G10,B3,FR60,No,C2,10:02,10:11,0:09:00,9,G10_FR60_1008
G3_B3_628_23_458_FR60_1,G3,B3,FR60,No,C2,0:51,1:17,0:26:00,26,G3_FR60_458*
G3_B3_62823_458_FR60_1,G3,B3,FR60,No,C2,6:38,6:56,0:18:00,18,G3_FR60_458
G3_B3_62823_458_FR60_1,G3,B3,FR60,No,C2,8:47,8:48,0:01:00,1,G3_FR60_458
G3_B3_62823_458_FR60_1,G3,B3,FR60,No,B1,10:30,10:42,0:12:00,12,G3_FR60_458
G3_B3_62823_458_FR60_1,G3,B3,FR60,No,B1,10:46,10:48,0:02:00,2,G3_FR60_458
G3_B3_62823_458_FR60_1,G3,B3,FR60,No,B1,,11:13,0:00:00,0,G3_FR60_458. lightbar blocking entrance view
G3_B3_62823_458_FR60_1,G3,B3,FR60,No,B2,1:35,2:51,0:16:00,16,G3_FR60_458
G3_B3_62823_458_FR60_1,G3,B3,FR60,No,B2,2:56,3:50,0:54:00,54,G3_FR60_458
G3_B3_62823_458_FR60_1,G3,B3,FR60,No,B2,3:54,4:46,0:52:00,52,G3_FR60_458
G3_B3_62823_458_FR60_1,G3,B3,FR60,No,B2,4:53,5:24,0:31:00,31,G3_FR60_458
G3_B3_62823_458_FR60_1,G3,B3,FR60,No,B2,7:02,7:29,0:27:00,27,G3_FR60_458
G3_B3_62823_458_FR60_1,G3,B3,FR60,No,B2,7:35,7:57,0:22:00,22,G3_FR60_458
G3_B3_62823_458_FR60_1,G3,B3,FR60,No,B2,8:00,8:10,0:10:00,10,G3_FR60_458
G3_B3_62823_458_FR60_1,G3,B3,FR60,No,B4,11:19,11:28,0:09:00,9,G3_FR60_458
G3_B3_62823_458_FR60_1,G3,B3,FR60,No,A2,5:33,5:52,0:19:00,19,G3_FR60_458
G3_B3_62823_458_FR60_1,G3,B3,FR60,No,A2,5:59,6:24,0:25:00,25,G3_FR60_458
G3_B3_62823_458_FR60_1,G3,B3,FR60,No,A2,8:22,8:29,0:07:00,7,G3_FR60_458
G3_B3_62823_458_FR60_1,G3,B3,FR60,No,A2,8:33,8:34,0:01:00,1,G3_FR60_458
G31_B3_62923_239_FR60_1,G31,B3,FR60,No,C1,1:36,1:50,0:14:00,14,G31_FR60_239*
G31_B3_FR60_62923_239_FR60_1,,B3,FR60,No,C1,1:59,2:09,0:10:00,10,G31_FR60_239
G31_B3_FR60_62923_239_FR60_1,G31,B3,FR60,No,C1,2:13,2:53,0:40:00,40,G31_FR60_239
G31_B3_FR60_62923_239_FR60_1,G31,B3,FR60,No,C1,3:02,3:18,0:16:00,16,G31_FR60_239
G31_B3_FR60_62923_239_FR60_1,G31,B3,FR60,No,C1,3:21,3:32,0:11:00,11,G31_FR60_239
G31_B3_FR60_62923_239_FR60_1,G31,B3,FR60,No,C1,3:36,3:51,0:15:00,15,G31_FR60_239
G31_B3_FR60_62923_239_FR60_1,G31,B3,FR60,No,C1,3:56,4:09,0:16:00,16,G31_FR60_239
G31_B3_FR60_62923_239_FR60_1,G31,B3,FR60,No,C1,4:13,4:24,0:11:00,11,G31_FR60_239
G31_B3_FR60_62923_239_FR60_1,G31,B3,FR60,No,C1,4:28,4:37,0:09:00,9,G31_FR60_239
G31_B3_FR60_62923_239_FR60_1,G31,B3,FR60,No,C1,4:41,4:52,0:11:00,11,G31_FR60_239
G31_B3_FR60_62923_239_FR60_1,G31,B3,FR60,No,C1,4:58,5:00,0:02:00,2,G31_FR60_239
G31_B3_FR60_62923_239_FR60_1,G31,B3,FR60,No,A4,6:44,6:46,0:02:00,2,G31_FR60_239
G31_B3_FR60_62923_239_FR60_1,G31,B3,FR60,No,A4,7:26,7:32,0:06:00,6,G31_FR60_239
G31_B3_FR60_62923_239_FR60_1,G31,B3,FR60,No,A4,8:00,8:02,0:02:00,2,G31_FR60_239
G31_B3_FR60_62923_239_FR60_1,G31,B3,FR60,No,B1,5:18,5:21,0:03:00,3,G31_FR60_239
G31_B3_FR60_62923_239_FR60_1,G31,B3,FR60,No,A3,7:47,7:48,0:01:00,1,G31_FR60_239
G31_B3_FR60_62923_239_FR60_1,G31,B3,FR60,No,B2,5:32,5:34,0:02:00,2,G31_FR60_239
G31_B3_FR60_62923_239_FR60_1,G31,B3,FR60,No,B2,6:53,6:56,0:03:00,3,G31_FR60_239
,,,,,,,,,,
,,,,,,,,,,
,,,,,,,,,,
,,,,,,,,,,
,,,,,,,,,,
,,,,,,,,,,
,,,,,,,,,,
,,,,,,,,,,
,,,,,,,,,,
,,,,,,,,,,
,,,,,,,,,,
,,,,,,,,,,
,,,,,,,,,,
,,,,,,,,,,
,,,,,,,,,,
,,,,,,,,,,
,,,,,,,,,,
,,,,,,,,,,
,,,,,,,,,,
,,,,,,,,,,
,,,,,,,,,,
,,,,,,,,,,
,,,,,,,,,,
,,,,,,,,,,
,,,,,,,,,,
,,,,,,,,,,
,,,,,,,,,,
,,,,,,,,,,
,,,,,,,,,,
,,,,,,,,,,
,,,,,,,,,,
,,,,,,,,,,
,,,,,,,,,,
,,,,,,,,,,
,,,,,,,,,,
,,,,,,,,,,
,,,,,,,,,,
,,,,,,,,,,
,,,,,,,,,,
,,,,,,,,,,
,,,,,,,,,,
,,,,,,,,,,
,,,,,,,,,,
,,,,,,,,,,
,,,,,,,,,,
,,,,,,,,,,
,,,,,,,,,,
,,,,,,,,,,
,,,,,,,,,,
,,,,,,,,,,
,,,,,,,,,,
,,,,,,,,,,
,,,,,,,,,,
,,,,,,,,,,
,,,,,,,,,,
,,,,,,,,,,
,,,,,,,,,,
,,,,,,,,,,
,,,,,,,,,,
,,,,,,,,,,
,,,,,,,,,,
,,,,,,,,,,
,,,,,,,,,,
,,,,,,,,,,
,,,,,,,,,,
,,,,,,,,,,
,,,,,,,,,,
,,,,,,,,,,
,,,,,,,,,,
,,,,,,,,,,
,,,,,,,,,,
,,,,,,,,,,
,,,,,,,,,,
,,,,,,,,,,
,,,,,,,,,,
,,,,,,,,,,
,,,,,,,,,,
,,,,,,,,,,
,,,,,,,,,,
,,,,,,,,,,
,,,,,,,,,,
,,,,,,,,,,
,,,,,,,,,,
,,,,,,,,,,
,,,,,,,,,,
,,,,,,,,,,
,,,,,,,,,,
,,,,,,,,,,
,,,,,,,,,,
,,,,,,,,,,
,,,,,,,,,,
,,,,,,,,,,
,,,,,,,,,,
,,,,,,,,,,
,,,,,,,,,,
,,,,,,,,,,
,,,,,,,,,,
,,,,,,,,,,
,,,,,,,,,,
,,,,,,,,,,
,,,,,,,,,,
,,,,,,,,,,
,,,,,,,,,,
,,,,,,,,,,
,,,,,,,,,,
,,,,,,,,,,
,,,,,,,,,,
,,,,,,,,,,
,,,,,,,,,,
,,,,,,,,,,
,,,,,,,,,,
,,,,,,,,,,
,,,,,,,,,,
,,,,,,,,,,
,,,,,,,,,,
,,,,,,,,,,
,,,,,,,,,,
,,,,,,,,,,
,,,,,,,,,,
,,,,,,,,,,
,,,,,,,,,,
,,,,,,,,,,
,,,,,,,,,,
,,,,,,,,,,
,,,,,,,,,,
,,,,,,,,,,
,,,,,,,,,,
,,,,,,,,,,
,,,,,,,,,,
,,,,,,,,,,
,,,,,,,,,,
,,,,,,,,,,
,,,,,,,,,,
,,,,,,,,,,
,,,,,,,,,,
,,,,,,,,,,
,,,,,,,,,,
,,,,,,,,,,
,,,,,,,,,,
,,,,,,,,,,
,,,,,,,,,,
,,,,,,,,,,
,,,,,,,,,,
,,,,,,,,,,
,,,,,,,,,,
,,,,,,,,,,
,,,,,,,,,,
,,,,,,,,,,
,,,,,,,,,,
,,,,,,,,,,
,,,,,,,,,,
,,,,,,,,,,
,,,,,,,,,,
,,,,,,,,,,
,,,,,,,,,,
,,,,,,,,,,
,,,,,,,,,,
,,,,,,,,,,
,,,,,,,,,,
,,,,,,,,,,
,,,,,,,,,,
,,,,,,,,,,
,,,,,,,,,,
,,,,,,,,,,
,,,,,,,,,,
,,,,,,,,,,
,,,,,,,,,,
,,,,,,,,,,
,,,,,,,,,,
,,,,,,,,,,
,,,,,,,,,,
,,,,,,,,,,
,,,,,,,,,,
,,,,,,,,,,
,,,,,,,,,,
,,,,,,,,,,
,,,,,,,,,,
,,,,,,,,,,
,,,,,,,,,,
,,,,,,,,,,
,,,,,,,,,,
,,,,,,,,,,
,,,,,,,,,,
,,,,,,,,,,
,,,,,,,,,,
,,,,,,,,,,
,,,,,,,,,,
,,,,,,,,,,
,,,,,,,,,,
,,,,,,,,,,
,,,,,,,,,,
,,,,,,,,,,
,,,,,,,,,,
,,,,,,,,,,
,,,,,,,,,,
,,,,,,,,,,
,,,,,,,,,,
,,,,,,,,,,
,,,,,,,,,,
,,,,,,,,,,
,,,,,,,,,,
,,,,,,,,,,
,,,,,,,,,,
,,,,,,,,,,
,,,,,,,,,,
,,,,,,,,,,
,,,,,,,,,,
,,,,,,,,,,
,,,,,,,,,,
,,,,,,,,,,
,,,,,,,,,,
,,,,,,,,,,
,,,,,,,,,,
,,,,,,,,,,
,,,,,,,,,,
,,,,,,,,,,
,,,,,,,,,,
,,,,,,,,,,
,,,,,,,,,,
,,,,,,,,,,
,,,,,,,,,,
,,,,,,,,,,
,,,,,,,,,,
,,,,,,,,,,
,,,,,,,,,,
,,,,,,,,,,
,,,,,,,,,,
,,,,,,,,,,
,,,,,,,,,,
,,,,,,,,,,
,,,,,,,,,,
,,,,,,,,,,
,,,,,,,,,,
,,,,,,,,,,
,,,,,,,,,,
,,,,,,,,,,
,,,,,,,,,,
,,,,,,,,,,
,,,,,,,,,,
,,,,,,,,,,
,,,,,,,,,,
,,,,,,,,,,
,,,,,,,,,,
,,,,,,,,,,
,,,,,,,,,,
,,,,,,,,,,
,,,,,,,,,,
,,,,,,,,,,
,,,,,,,,,,
,,,,,,,,,,
,,,,,,,,,,
,,,,,,,,,,
,,,,,,,,,,
,,,,,,,,,,
,,,,,,,,,,
,,,,,,,,,,
,,,,,,,,,,
,,,,,,,,,,
,,,,,,,,,,
,,,,,,,,,,
,,,,,,,,,,
,,,,,,,,,,
,,,,,,,,,,
,,,,,,,,,,
,,,,,,,,,,
,,,,,,,,,,
,,,,,,,,,,
,,,,,,,,,,
,,,,,,,,,,
,,,,,,,,,,
,,,,,,,,,,
,,,,,,,,,,
,,,,,,,,,,
,,,,,,,,,,
,,,,,,,,,,
,,,,,,,,,,
,,,,,,,,,,
,,,,,,,,,,
,,,,,,,,,,
,,,,,,,,,,
,,,,,,,,,,
,,,,,,,,,,
,,,,,,,,,,
,,,,,,,,,,
,,,,,,,,,,
,,,,,,,,,,
,,,,,,,,,,
,,,,,,,,,,
,,,,,,,,,,
,,,,,,,,,,
,,,,,,,,,,
,,,,,,,,,,
,,,,,,,,,,
,,,,,,,,,,
,,,,,,,,,,
,,,,,,,,,,
,,,,,,,,,,
,,,,,,,,,,
,,,,,,,,,,
,,,,,,,,,,
,,,,,,,,,,
,,,,,,,,,,
,,,,,,,,,,
,,,,,,,,,,
,,,,,,,,,,
,,,,,,,,,,
,,,,,,,,,,
,,,,,,,,,,
,,,,,,,,,,
,,,,,,,,,,
,,,,,,,,,,
,,,,,,,,,,
,,,,,,,,,,
,,,,,,,,,,
,,,,,,,,,,
,,,,,,,,,,
,,,,,,,,,,
,,,,,,,,,,
,,,,,,,,,,
,,,,,,,,,,
,,,,,,,,,,
,,,,,,,,,,
,,,,,,,,,,
,,,,,,,,,,
,,,,,,,,,,
,,,,,,,,,,
,,,,,,,,,,
,,,,,,,,,,
,,,,,,,,,,
,,,,,,,,,,
,,,,,,,,,,
,,,,,,,,,,
,,,,,,,,,,
,,,,,,,,,,
,,,,,,,,,,
,,,,,,,,,,
,,,,,,,,,,
,,,,,,,,,,
,,,,,,,,,,
,,,,,,,,,,
,,,,,,,,,,
,,,,,,,,,,
,,,,,,,,,,
,,,,,,,,,,
,,,,,,,,,,
,,,,,,,,,,
,,,,,,,,,,
,,,,,,,,,,
,,,,,,,,,,
,,,,,,,,,,
,,,,,,,,,,
,,,,,,,,,,
,,,,,,,,,,
,,,,,,,,,,
,,,,,,,,,,
,,,,,,,,,,
,,,,,,,,,,
,,,,,,,,,,
,,,,,,,,,,
,,,,,,,,,,
,,,,,,,,,,
,,,,,,,,,,
,,,,,,,,,,
,,,,,,,,,,
,,,,,,,,,,
,,,,,,,,,,
,,,,,,,,,,
,,,,,,,,,,
,,,,,,,,,,
,,,,,,,,,,
,,,,,,,,,,
,,,,,,,,,,
,,,,,,,,,,
,,,,,,,,,,
,,,,,,,,,,
,,,,,,,,,,
,,,,,,,,,,
,,,,,,,,,,
,,,,,,,,,,
,,,,,,,,,,
,,,,,,,,,,
,,,,,,,,,,
,,,,,,,,,,
,,,,,,,,,,
,,,,,,,,,,
,,,,,,,,,,
,,,,,,,,,,
,,,,,,,,,,
,,,,,,,,,,
,,,,,,,,,,
,,,,,,,,,,
,,,,,,,,,,
,,,,,,,,,,
,,,,,,,,,,
,,,,,,,,,,
,,,,,,,,,,
,,,,,,,,,,
,,,,,,,,,,
,,,,,,,,,,
,,,,,,,,,,
,,,,,,,,,,
,,,,,,,,,,
,,,,,,,,,,
,,,,,,,,,,
,,,,,,,,,,
,,,,,,,,,,
,,,,,,,,,,
,,,,,,,,,,
,,,,,,,,,,
,,,,,,,,,,
,,,,,,,,,,
,,,,,,,,,,
,,,,,,,,,,
,,,,,,,,,,
,,,,,,,,,,
,,,,,,,,,,
,,,,,,,,,,
,,,,,,,,,,
,,,,,,,,,,
,,,,,,,,,,
,,,,,,,,,,
,,,,,,,,,,
,,,,,,,,,,
,,,,,,,,,,
,,,,,,,,,,
,,,,,,,,,,
,,,,,,,,,,
,,,,,,,,,,
,,,,,,,,,,
,,,,,,,,,,
,,,,,,,,,,
,,,,,,,,,,
,,,,,,,,,,
,,,,,,,,,,
,,,,,,,,,,
,,,,,,,,,,
,,,,,,,,,,
,,,,,,,,,,
,,,,,,,,,,
,,,,,,,,,,
,,,,,,,,,,
,,,,,,,,,,
,,,,,,,,,,
,,,,,,,,,,
,,,,,,,,,,
,,,,,,,,,,
,,,,,,,,,,
,,,,,,,,,,
,,,,,,,,,,
,,,,,,,,,,
,,,,,,,,,,
,,,,,,,,,,
,,,,,,,,,,
,,,,,,,,,,
,,,,,,,,,,
,,,,,,,,,,
,,,,,,,,,,
,,,,,,,,,,
,,,,,,,,,,
,,,,,,,,,,
,,,,,,,,,,
,,,,,,,,,,
,,,,,,,,,,
,,,,,,,,,,
,,,,,,,,,,
,,,,,,,,,,
,,,,,,,,,,
,,,,,,,,,,
,,,,,,,,,,
,,,,,,,,,,
,,,,,,,,,,
,,,,,,,,,,
,,,,,,,,,,
,,,,,,,,,,
,,,,,,,,,,
,,,,,,,,,,
,,,,,,,,,,
,,,,,,,,,,
,,,,,,,,,,
,,,,,,,,,,
,,,,,,,,,,
,,,,,,,,,,
,,,,,,,,,,
,,,,,,,,,,
,,,,,,,,,,
,,,,,,,,,,
,,,,,,,,,,
,,,,,,,,,,
,,,,,,,,,,
,,,,,,,,,,
,,,,,,,,,,
,,,,,,,,,,
,,,,,,,,,,
,,,,,,,,,,
,,,,,,,,,,
,,,,,,,,,,
,,,,,,,,,,
,,,,,,,,,,
,,,,,,,,,,
,,,,,,,,,,
,,,,,,,,,,
,,,,,,,,,,
,,,,,,,,,,
,,,,,,,,,,
,,,,,,,,,,
,,,,,,,,,,
,,,,,,,,,,
,,,,,,,,,,
,,,,,,,,,,
,,,,,,,,,,
,,,,,,,,,,
,,,,,,,,,,
,,,,,,,,,,
,,,,,,,,,,
,,,,,,,,,,
,,,,,,,,,,
,,,,,,,,,,
,,,,,,,,,,
,,,,,,,,,,
,,,,,,,,,,
,,,,,,,,,,
,,,,,,,,,,
,,,,,,,,,,
,,,,,,,,,,
,,,,,,,,,,
,,,,,,,,,,
,,,,,,,,,,
,,,,,,,,,,
,,,,,,,,,,
,,,,,,,,,,
,,,,,,,,,,
,,,,,,,,,,
,,,,,,,,,,
,,,,,,,,,,
,,,,,,,,,,
,,,,,,,,,,
,,,,,,,,,,
,,,,,,,,,,
,,,,,,,,,,
,,,,,,,,,,
,,,,,,,,,,
,,,,,,,,,,
,,,,,,,,,,
,,,,,,,,,,
,,,,,,,,,,
,,,,,,,,,,
,,,,,,,,,,
,,,,,,,,,,
,,,,,,,,,,
,,,,,,,,,,
,,,,,,,,,,
,,,,,,,,,,
,,,,,,,,,,
,,,,,,,,,,
,,,,,,,,,,
,,,,,,,,,,
,,,,,,,,,,
,,,,,,,,,,
,,,,,,,,,,
,,,,,,,,,,
,,,,,,,,,,
,,,,,,,,,,
,,,,,,,,,,
,,,,,,,,,,
,,,,,,,,,,
,,,,,,,,,,
,,,,,,,,,,
,,,,,,,,,,
,,,,,,,,,,
,,,,,,,,,,
,,,,,,,,,,
,,,,,,,,,,
,,,,,,,,,,
,,,,,,,,,,
,,,,,,,,,,
,,,,,,,,,,
,,,,,,,,,,
,,,,,,,,,,
,,,,,,,,,,
,,,,,,,,,,
,,,,,,,,,,
,,,,,,,,,,
,,,,,,,,,,
,,,,,,,,,,
,,,,,,,,,,
,,,,,,,,,,
,,,,,,,,,,
,,,,,,,,,,
,,,,,,,,,,
,,,,,,,,,,
,,,,,,,,,,
,,,,,,,,,,
,,,,,,,,,,
,,,,,,,,,,
,,,,,,,,,,
,,,,,,,,,,
,,,,,,,,,,
,,,,,,,,,,
,,,,,,,,,,
,,,,,,,,,,
,,,,,,,,,,
,,,,,,,,,,
,,,,,,,,,,
,,,,,,,,,,
,,,,,,,,,,
,,,,,,,,,,
,,,,,,,,,,
,,,,,,,,,,
,,,,,,,,,,
,,,,,,,,,,
,,,,,,,,,,
,,,,,,,,,,
,,,,,,,,,,
,,,,,,,,,,
,,,,,,,,,,
,,,,,,,,,,
,,,,,,,,,,
,,,,,,,,,,
,,,,,,,,,,
,,,,,,,,,,
,,,,,,,,,,
,,,,,,,,,,
,,,,,,,,,,
,,,,,,,,,,
,,,,,,,,,,
,,,,,,,,,,
,,,,,,,,,,
,,,,,,,,,,
,,,,,,,,,,
,,,,,,,,,,
,,,,,,,,,,
,,,,,,,,,,
,,,,,,,,,,
,,,,,,,,,,
,,,,,,,,,,
,,,,,,,,,,
,,,,,,,,,,
,,,,,,,,,,
,,,,,,,,,,
,,,,,,,,,,
,,,,,,,,,,
,,,,,,,,,,
,,,,,,,,,,
,,,,,,,,,,
,,,,,,,,,,
,,,,,,,,,,
,,,,,,,,,,
,,,,,,,,,,
,,,,,,,,,,
,,,,,,,,,,
,,,,,,,,,,
,,,,,,,,,,
,,,,,,,,,,
,,,,,,,,,,
,,,,,,,,,,
,,,,,,,,,,
,,,,,,,,,,
,,,,,,,,,,
,,,,,,,,,,
,,,,,,,,,,
,,,,,,,,,,
,,,,,,,,,,
,,,,,,,,,,
,,,,,,,,,,
,,,,,,,,,,
,,,,,,,,,,
,,,,,,,,,,
,,,,,,,,,,
,,,,,,,,,,
,,,,,,,,,,
